PassengerId,Survived,Pclass,Name,Sex,Age,SibSp,Parch,Ticket,Fare,Embarked
6,0,3,"Moran, Mr. James",1,-0.3193571823115934,0,0,330877,-0.4759129730289812,1
18,1,2,"Williams, Mr. Charles Eugene",1,-0.01564428872825083,0,0,244373,-0.384474648178521,2
20,1,3,"Masselmani, Mrs. Fatima",0,-0.3193571823115934,0,0,2649,-0.5007430776237525,0
27,0,3,"Emir, Mr. Farred Chehab",1,-0.3193571823115934,0,0,2631,-0.5007430776237525,0
29,1,3,"O'Dwyer, Miss. Ellen ""Nellie""",0,-0.3193571823115934,0,0,330959,-0.48757202887170564,1
30,0,3,"Todoroff, Mr. Lalio",1,-0.3193571823115934,0,0,349216,-0.4872378200528674,2
33,1,3,"Glynn, Miss. Mary Agatha",0,-0.3193571823115934,0,0,335677,-0.4901732204014587,1
37,1,3,"Mamee, Mr. Hanna",1,-0.3193571823115934,0,0,2677,-0.5006585187659741,0
43,0,3,"Kraeff, Mr. Theodor",1,-0.3193571823115934,0,0,349253,-0.4872378200528674,0
46,0,3,"Rogers, Mr. William John",1,-0.3193571823115934,0,0,S.C./A.4. 23567,-0.4841333019887194,2
47,0,3,"Lennon, Mr. Denis",1,-0.3193571823115934,1,0,370371,-0.33414199473902684,1
48,1,3,"O'Driscoll, Miss. Bridget",0,-0.3193571823115934,0,0,14311,-0.4901732204014587,1
49,0,3,"Samaan, Mr. Youssef",1,-0.3193571823115934,2,0,2662,-0.2097357818856979,0
56,1,1,"Woolner, Mr. Hugh",1,0.6677097218342699,0,0,19947,0.0685192327769264,2
65,0,1,"Stewart, Mr. Albert A",1,0.6677097218342699,0,0,PC 17605,-0.08809987827767876,0
66,1,3,"Moubarek, Master. Gerios",1,-0.3193571823115934,1,1,2661,-0.33925981894075463,0
77,0,3,"Staneff, Mr. Ivan",1,-0.3193571823115934,0,0,349208,-0.4872378200528674,2
78,0,3,"Moutal, Mr. Rahamin Haim",1,-0.3193571823115934,0,0,374746,-0.4841333019887194,2
83,1,3,"McDermott, Miss. Brigdet Delia",0,-0.3193571823115934,0,0,330932,-0.4894182305998663,1
88,0,3,"Slocovski, Mr. Selman Francis",1,-0.3193571823115934,0,0,SOTON/OQ 392086,-0.4841333019887194,2
96,0,3,"Shorney, Mr. Charles Joseph",1,-0.3193571823115934,0,0,374910,-0.4841333019887194,2
102,0,3,"Petroff, Mr. Pastcho (""Pentcho"")",1,-0.3193571823115934,0,0,349215,-0.4872378200528674,2
108,1,3,"Moss, Mr. Albert Johan",1,-0.3193571823115934,0,0,312991,-0.48966989386706383,2
110,1,3,"Moran, Miss. Bertha",0,-0.3193571823115934,1,0,371110,-0.15999101383837708,1
122,0,3,"Moore, Mr. Leonard Charles",1,-0.3193571823115934,0,0,A4. 54510,-0.4841333019887194,2
127,0,3,"McMahon, Mr. Martin",1,-0.3193571823115934,0,0,370372,-0.4901732204014587,1
129,1,3,"Peter, Miss. Anna",0,-0.3193571823115934,1,1,2668,-0.19606341990539375,0
141,0,3,"Boulos, Mrs. Joseph (Sultana)",0,-0.3193571823115934,0,2,2678,-0.33925981894075463,0
155,0,3,"Olsen, Mr. Ole Martin",1,-0.3193571823115934,0,0,Fa 265302,-0.4989814347533702,2
159,0,3,"Smiljanic, Mr. Mile",1,-0.3193571823115934,0,0,315037,-0.4718018018960433,2
167,1,1,"Chibnall, Mrs. (Edith Martha Bowerman)",0,0.6677097218342699,0,1,113505,0.4611139296049808,2
169,0,1,"Baumann, Mr. John D",1,0.6677097218342699,0,0,PC 17318,-0.1242548298963362,2
177,0,3,"Lefebre, Master. Henry Forbes",1,-0.3193571823115934,3,1,4133,-0.1334818119248643,2
182,0,2,"Pernot, Mr. Rene",1,-0.01564428872825083,0,0,SC/PARIS 2131,-0.34320187235813576,0
186,0,1,"Rood, Mr. Hugh Roscoe",1,0.6677097218342699,0,0,113767,0.3604486227259925,2
187,1,3,"O'Brien, Mrs. Thomas (Johanna ""Hannah"" Godfrey)",0,-0.3193571823115934,1,0,370365,-0.33414199473902684,1
197,0,3,"Mernagh, Mr. Robert",1,-0.3193571823115934,0,0,368703,-0.4901732204014587,1
199,1,3,"Madigan, Miss. Margaret ""Maggie""",0,-0.3193571823115934,0,0,370370,-0.4901732204014587,1
215,0,3,"Kiernan, Mr. Philip",1,-0.3193571823115934,1,0,367229,-0.4901732204014587,1
224,0,3,"Nenkoff, Mr. Christo",1,-0.3193571823115934,0,0,349234,-0.4872378200528674,2
230,0,3,"Lefebre, Miss. Mathilde",0,-0.3193571823115934,3,1,4133,-0.1334818119248643,2
236,0,3,"Harknett, Miss. Alice Phoebe",0,-0.3193571823115934,0,0,W./C. 6609,-0.4941998326766182,2
241,0,3,"Zabour, Miss. Thamine",0,-0.3193571823115934,1,0,2665,-0.35519715032583604,0
242,1,3,"Murphy, Miss. Katherine ""Kate""",0,-0.3193571823115934,1,0,367230,-0.33414199473902684,1
251,0,3,"Reed, Mr. James George",1,-0.3193571823115934,0,0,362316,-0.5002397510893576,2
261,0,3,"Smith, Mr. Thomas",1,-0.3193571823115934,0,0,384461,-0.4901732204014587,1
265,0,3,"Henry, Miss. Delia",0,-0.3193571823115934,0,0,382649,-0.4901732204014587,1
271,0,1,"Cairns, Mr. Alexander",1,0.6677097218342699,0,0,113798,-0.02207954341416308,2
275,1,3,"Healy, Miss. Hanora ""Nora""",0,-0.3193571823115934,0,0,370375,-0.4901732204014587,1
278,0,2,"Parkes, Mr. Francis ""Frank""",1,-0.01564428872825083,0,0,239853,-0.6462044460638906,2
285,0,1,"Smith, Mr. Richard William",1,0.6677097218342699,0,0,113056,-0.1227448502931514,2
296,0,1,"Lewy, Mr. Ervin G",1,0.6677097218342699,0,0,PC 17612,-0.08809987827767876,0
299,1,1,"Saalfeld, Mr. Adolphe",1,0.6677097218342699,0,0,19988,-0.03214607410206191,2
301,1,3,"Kelly, Miss. Anna Katherine ""Annie Kate""",0,-0.3193571823115934,0,0,9234,-0.4901732204014587,1
302,1,3,"McCoy, Mr. Bernard",1,-0.3193571823115934,2,0,367226,-0.17811076907659495,1
304,1,2,"Keane, Miss. Nora A",0,-0.01564428872825083,0,0,226593,-0.3975611380727894,1
305,0,3,"Williams, Mr. Howard Hugh ""Harry""",1,-0.3193571823115934,0,0,A/5 2466,-0.4841333019887194,2
331,1,3,"McCoy, Miss. Agnes",0,-0.3193571823115934,2,0,367226,-0.17811076907659495,1
336,0,3,"Denkoff, Mr. Mitto",1,-0.3193571823115934,0,0,349225,-0.4872378200528674,2
348,1,3,"Davison, Mrs. Thomas Henry (Mary E Finck)",0,-0.3193571823115934,1,0,386525,-0.3220621579135482,2
352,0,1,"Williams-Lambert, Mr. Fletcher Fellows",1,0.6677097218342699,0,0,113510,0.05845270208902757,2
355,0,3,"Yousif, Mr. Wazli",1,-0.3193571823115934,0,0,2647,-0.5007430776237525,0
359,1,3,"McGovern, Miss. Mary",0,-0.3193571823115934,0,0,330931,-0.48757202887170564,1
360,1,3,"Mockler, Miss. Helen Mary ""Ellie""",0,-0.3193571823115934,0,0,330980,-0.48757202887170564,1
365,0,3,"O'Brien, Mr. Thomas",1,-0.3193571823115934,1,0,370365,-0.33414199473902684,1
368,1,3,"Moussa, Mrs. (Mantoura Boulos)",0,-0.3193571823115934,0,0,2626,-0.5006585187659741,0
369,1,3,"Jermyn, Miss. Annie",0,-0.3193571823115934,0,0,14313,-0.4901732204014587,1
385,0,3,"Plotcharsky, Mr. Vasil",1,-0.3193571823115934,0,0,349227,-0.4872378200528674,2
389,0,3,"Sadlier, Mr. Matthew",1,-0.3193571823115934,0,0,367655,-0.49059198807807536,1
410,0,3,"Lefebre, Miss. Ida",0,-0.3193571823115934,3,1,4133,-0.1334818119248643,2
411,0,3,"Sdycoff, Mr. Todor",1,-0.3193571823115934,0,0,349222,-0.4872378200528674,2
412,0,3,"Hart, Mr. Henry",1,-0.3193571823115934,0,0,394140,-0.5081258712302575,1
414,0,2,"Cunningham, Mr. Alfred Fleming",1,-0.01564428872825083,0,0,239853,-0.6462044460638906,2
416,0,3,"Meek, Mrs. Thomas (Annie Louise Rowley)",0,-0.3193571823115934,0,0,343095,-0.4841333019887194,2
421,0,3,"Gheorgheff, Mr. Stanio",1,-0.3193571823115934,0,0,349254,-0.4872378200528674,0
426,0,3,"Wiseman, Mr. Phillippe",1,-0.3193571823115934,0,0,A/4. 34244,-0.5002397510893576,2
429,0,3,"Flynn, Mr. James",1,-0.3193571823115934,0,0,364851,-0.4901732204014587,1
432,1,3,"Thorneycroft, Mrs. Percival (Florence Kate White)",0,-0.3193571823115934,1,0,376564,-0.3220621579135482,2
445,1,3,"Johannesen-Bratthammer, Mr. Bernt",1,-0.3193571823115934,0,0,65306,-0.48287498565273207,2
452,0,3,"Hagland, Mr. Ingvald Olai Olsen",1,-0.3193571823115934,1,0,65303,-0.24421364949175142,2
455,0,3,"Peduzzi, Mr. Joseph",1,-0.3193571823115934,0,0,A/5 2817,-0.4841333019887194,2
458,1,1,"Kenyon, Mrs. Frederick R (Marion)",0,0.6677097218342699,1,0,17464,0.39794644953841557,2
460,0,3,"O'Connor, Mr. Maurice",1,-0.3193571823115934,0,0,371060,-0.4901732204014587,1
465,0,3,"Maisner, Mr. Simon",1,-0.3193571823115934,0,0,A/S 2816,-0.4841333019887194,2
467,0,2,"Campbell, Mr. William",1,-0.01564428872825083,0,0,239853,-0.6462044460638906,2
469,0,3,"Scanlan, Mr. James",1,-0.3193571823115934,0,0,36209,-0.4906765469358536,1
471,0,3,"Keefe, Mr. Arthur",1,-0.3193571823115934,0,0,323592,-0.5002397510893576,2
476,0,1,"Clifford, Mr. George Quincy",1,0.6677097218342699,0,0,110465,0.40071474547758784,2
482,0,2,"Frost, Mr. Anthony Wood ""Archie""",1,-0.01564428872825083,0,0,239854,-0.6462044460638906,2
486,0,3,"Lefebre, Miss. Jeannie",0,-0.3193571823115934,3,1,4133,-0.1334818119248643,2
491,0,3,"Hagland, Mr. Konrad Mathias Reiersen",1,-0.3193571823115934,1,0,65304,-0.24421364949175142,2
496,0,3,"Yousseff, Mr. Gerious",1,-0.3193571823115934,0,0,2627,-0.35511460477419526,0
498,0,3,"Shellard, Mr. Frederick William",1,-0.3193571823115934,0,0,C.A. 6212,-0.3421952192893459,2
503,0,3,"O'Sullivan, Miss. Bridget Mary",0,-0.3193571823115934,0,0,330909,-0.4926052942156551,1
508,1,1,"Bradley, Mr. George (""George Arthur Brayton"")",1,0.6677097218342699,0,0,111427,-0.11167166653646265,2
512,0,3,"Webber, Mr. James",1,-0.3193571823115934,0,0,SOTON/OQ 3101316,-0.4841333019887194,2
518,0,3,"Ryan, Mr. Patrick",1,-0.3193571823115934,0,0,371110,-0.15999101383837708,1
523,0,3,"Lahoud, Mr. Sarkis",1,-0.3193571823115934,0,0,2624,-0.5007430776237525,0
525,0,3,"Kassem, Mr. Fared",1,-0.3193571823115934,0,0,2700,-0.5006585187659741,0
532,0,3,"Toufik, Mr. Nakli",1,-0.3193571823115934,0,0,2641,-0.5006585187659741,0
534,1,3,"Peter, Mrs. Catherine (Catherine Rizk)",0,-0.3193571823115934,0,2,2668,-0.19606341990539375,0
539,0,3,"Risien, Mr. Samuel Beard",1,-0.3193571823115934,0,0,364498,-0.3542750561148245,2
548,1,2,"Padro y Manent, Mr. Julian",1,-0.01564428872825083,0,0,SC/PARIS 2146,-0.3671098827418955,0
553,0,3,"O'Brien, Mr. Timothy",1,-0.3193571823115934,0,0,330979,-0.48857868194049553,1
561,0,3,"Morrow, Mr. Thomas Rowan",1,-0.3193571823115934,0,0,372622,-0.4901732204014587,1
564,0,3,"Simmons, Mr. John",1,-0.3193571823115934,0,0,SOTON/OQ 392082,-0.4841333019887194,2
565,0,3,"Meanwell, Miss. (Marion Ogden)",0,-0.3193571823115934,0,0,SOTON/O.Q. 392087,-0.4841333019887194,2
569,0,3,"Doharr, Mr. Tannous",1,-0.3193571823115934,0,0,2686,-0.5006585187659741,0
574,1,3,"Kelly, Miss. Mary",0,-0.3193571823115934,0,0,14312,-0.4901732204014587,1
579,0,3,"Caram, Mrs. Joseph (Maria Elias)",0,-0.3193571823115934,1,0,2689,-0.35511460477419526,0
585,0,3,"Paulner, Mr. Uscher",1,-0.3193571823115934,0,0,3411,-0.4707951488272535,0
590,0,3,"Murdlin, Mr. Joseph",1,-0.3193571823115934,0,0,A./5. 3235,-0.4841333019887194,2
594,0,3,"Bourke, Miss. Mary",0,-0.3193571823115934,0,2,364848,-0.4901732204014587,1
597,1,2,"Leitch, Miss. Jessie Wills",0,-0.01564428872825083,0,0,248727,0.018186579337432247,2
599,0,3,"Boulos, Mr. Hanna",1,-0.3193571823115934,0,0,2664,-0.5007430776237525,0
602,0,3,"Slabenoff, Mr. Petco",1,-0.3193571823115934,0,0,349214,-0.4872378200528674,2
603,0,1,"Harrington, Mr. Charles H",1,0.6677097218342699,0,0,113796,0.20743735626993023,2
612,0,3,"Jardin, Mr. Jose Neto",1,-0.3193571823115934,0,0,SOTON/O.Q. 3101305,-0.504266363364517,2
613,1,3,"Murphy, Miss. Margaret Jane",0,-0.3193571823115934,1,0,367230,-0.33414199473902684,1
614,0,3,"Horgan, Mr. John",1,-0.3193571823115934,0,0,370377,-0.4901732204014587,1
630,0,3,"O'Connell, Mr. Patrick D",1,-0.3193571823115934,0,0,334912,-0.4905094425264345,1
634,0,1,"Parr, Mr. William Henry Marsh",1,0.6677097218342699,0,0,112052,-0.6462044460638906,2
640,0,3,"Thorneycroft, Mr. Percival",1,-0.3193571823115934,1,0,376564,-0.3220621579135482,2
644,1,3,"Foo, Mr. Choong",1,-0.3193571823115934,0,0,1601,0.491228962810899,2
649,0,3,"Willey, Mr. Edward",1,-0.3193571823115934,0,0,S.O./P.P. 751,-0.4941998326766182,2
651,0,3,"Mitkoff, Mr. Mito",1,-0.3193571823115934,0,0,349221,-0.4872378200528674,2
654,1,3,"O'Leary, Miss. Hanora ""Norah""",0,-0.3193571823115934,0,0,330919,-0.48857868194049553,1
657,0,3,"Radeff, Mr. Alexander",1,-0.3193571823115934,0,0,349223,-0.4872378200528674,2
668,0,3,"Rommetvedt, Mr. Knud Paust",1,-0.3193571823115934,0,0,312993,-0.48966989386706383,2
670,1,1,"Taylor, Mrs. Elmer Zebley (Juliet Cummins Wright)",0,0.6677097218342699,1,0,19996,0.40071474547758784,2
675,0,2,"Watson, Mr. Ennis Hastings",1,-0.01564428872825083,0,0,239856,-0.6462044460638906,2
681,0,3,"Peters, Miss. Katie",0,-0.3193571823115934,0,0,330935,-0.4823716591183371,1
693,1,3,"Lam, Mr. Ali",1,-0.3193571823115934,0,0,1601,0.491228962810899,2
698,1,3,"Mullens, Miss. Katherine ""Katie""",0,-0.3193571823115934,0,0,35852,-0.4905094425264345,1
710,1,3,"Moubarek, Master. Halim Gonios (""William George"")",1,-0.3193571823115934,1,1,2661,-0.33925981894075463,0
712,0,1,"Klaber, Mr. Herman",1,0.6677097218342699,0,0,113028,-0.11167166653646265,2
719,0,3,"McEvoy, Mr. Michael",1,-0.3193571823115934,0,0,36568,-0.33414199473902684,1
728,1,3,"Mannion, Miss. Margareth",0,-0.3193571823115934,0,0,36866,-0.49042488366865616,1
733,0,2,"Knight, Mr. Robert J",1,-0.01564428872825083,0,0,239855,-0.6462044460638906,2
739,0,3,"Ivanoff, Mr. Kanio",1,-0.3193571823115934,0,0,349201,-0.4872378200528674,2
740,0,3,"Nankoff, Mr. Minko",1,-0.3193571823115934,0,0,349218,-0.4872378200528674,2
741,1,1,"Hawksford, Mr. Walter James",1,0.6677097218342699,0,0,16988,-0.04221260478996074,2
761,0,3,"Garfirth, Mr. John",1,-0.3193571823115934,0,0,358585,-0.3542750561148245,2
767,0,1,"Brewe, Dr. Arthur Jackson",1,0.6677097218342699,0,0,112379,0.15106478441769686,0
769,0,3,"Moran, Mr. Daniel J",1,-0.3193571823115934,1,0,371110,-0.15999101383837708,1
774,0,3,"Elias, Mr. Dibo",1,-0.3193571823115934,0,0,2674,-0.5007430776237525,0
777,0,3,"Tobin, Mr. Roger",1,-0.3193571823115934,0,0,383121,-0.4901732204014587,1
779,0,3,"Kilgannon, Mr. Thomas J",1,-0.3193571823115934,0,0,36865,-0.49042488366865616,1
784,0,3,"Johnston, Mr. Andrew G",1,-0.3193571823115934,1,2,W./C. 6607,-0.17408415680143544,2
791,0,3,"Keane, Mr. Andrew ""Andy""",1,-0.3193571823115934,0,0,12460,-0.4901732204014587,1
794,0,1,"Hoyt, Mr. William Fisher",1,0.6677097218342699,0,0,PC 17600,-0.02820402068468076,0
816,0,1,"Fry, Mr. Richard",1,0.6677097218342699,0,0,112058,-0.6462044460638906,2
826,0,3,"Flynn, Mr. John",1,-0.3193571823115934,0,0,368323,-0.5062796695020969,1
827,0,3,"Lam, Mr. Len",1,-0.3193571823115934,0,0,1601,0.491228962810899,2
829,1,3,"McCormack, Mr. Thomas Joseph",1,-0.3193571823115934,0,0,367228,-0.4901732204014587,1
833,0,3,"Saad, Mr. Amin",1,-0.3193571823115934,0,0,2671,-0.5006585187659741,0
838,0,3,"Sirota, Mr. Maurice",1,-0.3193571823115934,0,0,392092,-0.4841333019887194,2
840,1,1,"Marechal, Mr. Pierre",1,0.6677097218342699,0,0,11774,-0.04825252320270005,0
860,0,3,"Razi, Mr. Raihed",1,-0.3193571823115934,0,0,2629,-0.5006585187659741,0
869,0,3,"van Melkebeke, Mr. Philemon",1,-0.3193571823115934,0,0,345777,-0.4549403629938128,2
879,0,3,"Laleff, Mr. Kristo",1,-0.3193571823115934,0,0,349217,-0.4872378200528674,2
889,0,3,"Johnston, Miss. Catherine Helen ""Carrie""",0,-0.3193571823115934,1,2,W./C. 6607,-0.17408415680143544,2
1,0,3,"Braund, Mr. Owen Harris",1,-0.5471418524991003,1,0,A/5 21171,-0.5002397510893576,2
3,1,3,"Heikkinen, Miss. Laina",0,-0.24342895891575775,0,0,STON/O2. 3101282,-0.4866499346606941,2
4,1,1,"Futrelle, Mrs. Jacques Heath (Lily May Peel)",0,0.43992505164676304,1,0,113803,0.4228611129909653,2
5,0,3,"Allen, Mr. William Henry",1,0.43992505164676304,0,0,373450,-0.4841333019887194,2
7,0,1,"McCarthy, Mr. Timothy J",1,1.8825612961676403,0,0,17463,0.39794644953841557,2
8,0,3,"Palsson, Master. Gosta Leonard",1,-2.065706320415813,3,1,349909,-0.2219001775689549,2
9,1,3,"Johnson, Mrs. Oscar W (Elisabeth Vilhelmina Berg)",0,-0.16750073551992212,0,2,347742,-0.4220570338487225,2
10,1,2,"Nasser, Mrs. Nicholas (Adele Achem)",0,-1.1545676396657856,1,0,237736,-0.040787184044554295,0
11,1,3,"Sandstrom, Miss. Marguerite Rut",0,-1.9138498736241418,1,1,PP 9549,-0.30998232108806967,2
12,1,1,"Bonnell, Miss. Elizabeth",0,2.186274189750983,0,0,113783,-0.11167166653646265,2
13,0,3,"Saundercock, Mr. William Henry",1,-0.6989982992907716,0,0,A/5. 2151,-0.4841333019887194,2
14,0,3,"Andersson, Mr. Anders Johan",1,0.7436379452301056,1,5,347082,-0.01654295153581875,2
15,0,3,"Vestrom, Miss. Hulda Amanda Adolfina",0,-1.1545676396657856,0,0,350406,-0.48807535540610064,2
16,1,2,"Hewlett, Mrs. (Mary D Kingcome) ",0,1.958489519563476,0,0,248706,-0.324075464051128,2
17,0,3,"Rice, Master. Eugene",1,-2.065706320415813,4,1,382652,-0.05982903349378369,1
19,0,3,"Vander Planke, Mrs. Julius (Emelia Maria Vandemoortele)",0,0.13621215806342046,1,0,345763,-0.28380934129953267,2
21,0,2,"Fynney, Mr. Joseph J",1,0.43992505164676304,0,0,239865,-0.1227448502931514,2
22,1,2,"Beesley, Mr. Lawrence",1,0.3639968282509274,0,0,248698,-0.384474648178521,2
23,1,3,"McGowan, Miss. Anna ""Annie""",0,-1.0786394162699497,0,0,330923,-0.48455206966533604,1
24,1,1,"Sloper, Mr. William Thompson",1,-0.09157251212408647,0,0,113788,0.0685192327769264,2
25,0,3,"Palsson, Miss. Torborg Danira",0,-1.6101369800407994,3,1,349909,-0.2219001775689549,2
26,1,3,"Asplund, Mrs. Carl Oscar (Selma Augusta Emilia Johansson)",0,0.6677097218342699,1,5,347077,-0.014277982131041499,2
31,0,1,"Uruchurtu, Don. Manuel E",1,0.8195661686259412,0,0,PC 17601,-0.08809987827767876,0
34,0,2,"Wheadon, Mr. Edward H",1,2.793699976917668,0,0,C.A. 24579,-0.4348073016180152,2
36,0,1,"Holverson, Mr. Alexander Oskar",1,0.9714226154176125,1,0,113789,0.40071474547758784,2
38,0,3,"Cann, Mr. Ernest Charles",1,-0.623070075894936,0,0,A./5. 2152,-0.4841333019887194,2
39,0,3,"Vander Planke, Miss. Augusta Maria",0,-0.8508547460824429,2,0,345764,-0.28380934129953267,2
40,1,3,"Nicola-Yarred, Miss. Jamila",0,-1.1545676396657856,1,0,2651,-0.419874609995586,0
41,0,3,"Ahlin, Mrs. Johan (Johanna Persdotter Larsson)",0,0.8195661686259412,1,0,7546,-0.45544368952820774,2
42,0,2,"Turpin, Mrs. William John Robert (Dorothy Ann Wonnacott)",0,-0.16750073551992212,1,0,11668,-0.2234101571721397,2
44,1,2,"Laroche, Miss. Simonne Marie Anne Andree",0,-1.9897780970199777,1,2,SC/Paris 2123,0.19091213949267555,0
45,1,3,"Devaney, Miss. Margaret Delia",0,-0.7749265226866072,0,0,330958,-0.48757202887170564,1
50,0,3,"Arnold-Franchi, Mrs. Josef (Josefine Franchi)",0,-0.8508547460824429,1,0,349237,-0.2878359535746922,2
51,0,3,"Panula, Master. Juha Niilo",1,-1.686065203436635,4,1,3101295,0.1528264272880791,2
52,0,3,"Nosworthy, Mr. Richard Cater",1,-0.623070075894936,0,0,A/4. 39886,-0.48916656733266883,2
54,1,2,"Faunthorpe, Mrs. Lizzie (Elizabeth Anne Wilkinson)",0,-0.01564428872825083,1,0,2926,-0.1227448502931514,2
55,0,1,"Ostby, Mr. Engelhart Cornelius",1,2.7177717535218324,0,1,113509,0.6016265915589478,0
57,1,2,"Rugg, Miss. Emily",0,-0.623070075894936,0,0,C.A. 31026,-0.4348073016180152,2
58,0,3,"Novel, Mr. Mansouer",1,-0.05360840042616865,0,0,2697,-0.5006585187659741,0
59,1,2,"West, Miss. Constance Mirium",0,-1.8379216502283062,1,2,C.A. 34651,-0.08751199288550549,2
60,0,3,"Goodwin, Master. William Frederick",1,-1.3823523098532924,5,2,CA 2144,0.29803613246101973,2
61,0,3,"Sirayanian, Mr. Orsen",1,-0.5471418524991003,0,0,2669,-0.5006585187659741,0
64,0,3,"Skoog, Master. Harald",1,-1.9138498736241418,3,2,347088,-0.08449203367913585,2
67,1,2,"Nye, Mrs. (Elizabeth Ramell)",0,-0.01564428872825083,0,0,C.A. 29395,-0.4348073016180152,2
68,0,3,"Crease, Mr. Ernest James",1,-0.7749265226866072,0,0,S.P. 3464,-0.48195289144172054,2
69,1,3,"Andersson, Miss. Erna Alexandra",0,-0.9267829694782785,4,2,3101281,-0.4866499346606941,2
70,0,3,"Kink, Mr. Vincenz",1,-0.24342895891575775,2,0,315151,-0.4718018018960433,2
71,0,2,"Jenkin, Mr. Stephen Curnow",1,0.2121403814592561,0,0,C.A. 33111,-0.4348073016180152,2
72,0,3,"Goodwin, Miss. Lillian Amy",0,-1.0027111928741141,5,2,CA 2144,0.29803613246101973,2
74,0,3,"Chronopoulos, Mr. Apostolos",1,-0.24342895891575775,1,0,2680,-0.35519715032583604,0
75,1,3,"Bing, Mr. Lee",1,0.2121403814592561,0,0,1601,0.491228962810899,2
76,0,3,"Moen, Mr. Sigurd Hansen",1,-0.3193571823115934,0,0,348123,-0.4921865265390385,2
79,1,2,"Caldwell, Master. Alden Gates",1,-2.154542341788941,0,2,248738,-0.0623456661657584,2
80,1,3,"Dowdell, Miss. Elizabeth",0,0.06028393466758481,0,0,364516,-0.39504450540081476,2
81,0,3,"Waelens, Mr. Achille",1,-0.5471418524991003,0,0,345767,-0.46500689368171166,2
82,1,3,"Sheerlinck, Mr. Jan Baptist",1,-0.01564428872825083,0,0,345779,-0.4549403629938128,2
84,0,1,"Carrau, Mr. Francisco M",1,-0.09157251212408647,0,0,113059,0.30206274473617933,2
85,1,2,"Ilett, Miss. Bertha",0,-0.9267829694782785,0,0,SO/C 14885,-0.4348073016180152,2
86,1,3,"Backstrom, Mrs. Karl Alfred (Maria Mathilda Gustafsson)",0,0.2880686048550917,3,0,3101278,-0.32709542325749763,2
87,0,3,"Ford, Mr. William Neal",1,-1.0027111928741141,1,3,W./C. 6608,0.04586953872915403,2
90,0,3,"Celotti, Mr. Francesco",1,-0.39528540570742904,0,0,343275,-0.4841333019887194,2
91,0,3,"Christmann, Mr. Emil",1,-0.01564428872825083,0,0,343276,-0.4841333019887194,2
92,0,3,"Andreasson, Mr. Paul Edvin",1,-0.6989982992907716,0,0,347466,-0.48807535540610064,2
93,0,1,"Chaffee, Mr. Herbert Fuller",1,1.275135509000955,1,0,W.E.P. 5734,0.5854355836005313,2
94,0,3,"Dean, Mr. Bertram Frank",1,-0.24342895891575775,1,2,C.A. 2315,-0.23196670825685373,2
95,0,3,"Coxon, Mr. Daniel",1,2.2622024131468184,0,0,364500,-0.5002397510893576,2
97,0,1,"Goldschmidt, Mr. George B",1,3.173341093896846,0,0,PC 17754,0.051490689465276795,0
98,1,1,"Greenfield, Mr. William Bertram",1,-0.4712136291032647,0,1,PC 17759,0.6293920965023104,0
99,1,2,"Doling, Mrs. John T (Ada Julia Bone)",0,0.3639968282509274,0,1,231919,-0.18314403442054436,2
100,0,2,"Kantor, Mr. Sinai",1,0.3639968282509274,1,0,244367,-0.1227448502931514,2
101,0,3,"Petranec, Miss. Matilda",0,-0.09157251212408647,0,0,349245,-0.4872378200528674,2
104,0,3,"Johansson, Mr. Gustaf Joel",1,0.2880686048550917,0,0,7540,-0.4719689063054625,2
105,0,3,"Gustafsson, Mr. Anders Vilhelm",1,0.5917814984384343,2,0,3101276,-0.4866499346606941,2
106,0,3,"Mionoff, Mr. Stoytcho",1,-0.09157251212408647,0,0,349207,-0.4872378200528674,2
107,1,3,"Salkjelsvik, Miss. Anna Kristine",0,-0.623070075894936,0,0,343120,-0.4921865265390385,2
109,0,3,"Rekic, Mr. Tido",1,0.6677097218342699,0,0,349249,-0.4872378200528674,2
111,0,1,"Porter, Mr. Walter Chamberlain",1,1.3510637323967907,0,0,110465,0.40071474547758784,2
112,0,3,"Zabour, Miss. Hileni",0,-1.1166035279678677,1,0,2665,-0.35519715032583604,0
113,0,3,"Barton, Mr. David John",1,-0.5471418524991003,0,0,324669,-0.4841333019887194,2
114,0,3,"Jussila, Miss. Katriina",0,-0.6989982992907716,1,0,4136,-0.4483971180466786,2
115,0,3,"Attalah, Miss. Malake",0,-0.9267829694782785,0,0,2627,-0.35511460477419526,0
116,0,3,"Pekoniemi, Mr. Edvard",1,-0.623070075894936,0,0,STON/O 2. 3101294,-0.4866499346606941,2
117,0,3,"Connors, Mr. Patrick",1,3.1353769821989284,0,0,370369,-0.4901732204014587,1
118,0,2,"Turpin, Mr. William John Robert",1,-0.01564428872825083,1,0,11668,-0.2234101571721397,2
120,0,3,"Andersson, Miss. Ellis Anna Maria",0,-2.065706320415813,4,2,347082,-0.01654295153581875,2
123,0,2,"Nasser, Mr. Nicholas",1,0.2501044931571739,1,0,237736,-0.040787184044554295,0
124,1,2,"Webber, Miss. Susan",0,0.2501044931571739,0,0,27267,-0.384474648178521,2
126,1,3,"Nicola-Yarred, Master. Elias",1,-1.3064240864574568,1,0,2651,-0.419874609995586,0
128,1,3,"Madsen, Mr. Fridtjof Arne",1,-0.39528540570742904,0,0,C 17369,-0.5024201616363564,2
130,0,3,"Ekstrom, Mr. Johan",1,1.1992072856051195,0,0,347061,-0.5057763429677019,2
131,0,3,"Drazenoic, Mr. Jozef",1,0.2880686048550917,0,0,349241,-0.4872378200528674,0
132,0,3,"Coelho, Mr. Domingos Fernandeo",1,-0.6989982992907716,0,0,SOTON/O.Q. 3101307,-0.504266363364517,2
133,0,3,"Robins, Mrs. Alexander A (Grace Charity Laury)",0,1.3510637323967907,1,0,A/5. 3337,-0.3542750561148245,2
134,1,2,"Weisz, Mrs. Leopold (Mathilde Francoise Pede)",0,-0.01564428872825083,1,0,228414,-0.1227448502931514,2
135,0,2,"Sobey, Mr. Samuel James Hayden",1,-0.3193571823115934,0,0,C.A. 29178,-0.384474648178521,2
136,0,2,"Richard, Mr. Emile",1,-0.4712136291032647,0,0,SC/PARIS 2133,-0.3432864312159141,0
137,1,1,"Newsom, Miss. Helen Monypeny",0,-0.7749265226866072,0,2,11752,-0.11704115400538789,2
138,0,1,"Futrelle, Mr. Jacques Heath",1,0.5917814984384343,1,0,113803,0.4228611129909653,2
139,0,3,"Osen, Mr. Olaf Elon",1,-1.0027111928741141,0,0,7534,-0.4606440592815763,2
142,1,3,"Nysten, Miss. Anna Sofia",0,-0.5471418524991003,0,0,347081,-0.4901732204014587,2
143,1,3,"Hakkarainen, Mrs. Pekka Pietari (Elin Matilda Dolck)",0,-0.39528540570742904,1,0,STON/O2. 3101279,-0.32709542325749763,2
144,0,3,"Burke, Mr. Jeremiah",1,-0.7749265226866072,0,0,365222,-0.5103062817772563,1
145,0,2,"Andrew, Mr. Edgardo Samuel",1,-0.8508547460824429,0,0,231945,-0.4146742402422175,2
146,0,2,"Nicholls, Mr. Joseph Charles",1,-0.7749265226866072,1,1,C.A. 33112,0.09368555949667348,2
147,1,3,"Andersson, Mr. August Edvard (""Wennerstrom"")",1,-0.16750073551992212,0,0,350043,-0.4892511261904472,2
148,0,3,"Ford, Miss. Robina Maggie ""Ruby""",0,-1.5342087566449638,2,2,W./C. 6608,0.04586953872915403,2
149,0,2,"Navratil, Mr. Michel (""Louis M Hoffman"")",1,0.5538173867405165,0,2,230080,-0.1227448502931514,2
150,0,2,"Byles, Rev. Thomas Roussel Davids",1,0.9714226154176125,0,0,244310,-0.384474648178521,2
151,0,2,"Bateman, Rev. Robert James",1,1.6547766259801333,0,0,S.O.P. 1166,-0.39403785233202493,2
153,0,3,"Meo, Mr. Alfonzo",1,1.9964536312613936,0,0,A.5. 11206,-0.4841333019887194,2
154,0,3,"van Billiard, Mr. Austin Blyler",1,0.857530280323859,0,2,A/5. 851,-0.3542750561148245,2
156,0,1,"Williams, Mr. Charles Duane",1,1.6547766259801333,0,1,PC 17597,0.5895467547334692,0
157,1,3,"Gilnagh, Miss. Katherine ""Katie""",0,-1.0027111928741141,0,0,35851,-0.4905094425264345,1
158,0,3,"Corn, Mr. Harry",1,0.06028393466758481,0,0,SOTON/OQ 392090,-0.4841333019887194,2
161,0,3,"Cribb, Mr. John Hatfield",1,1.1232790622092839,0,1,371362,-0.3220621579135482,2
162,1,2,"Watt, Mrs. James (Elizabeth ""Bessie"" Inglis Milne)",0,0.8195661686259412,0,0,C.A. 33595,-0.3291087293950774,2
163,0,3,"Bengtsson, Mr. John Viktor",1,-0.24342895891575775,0,0,347068,-0.48966989386706383,2
164,0,3,"Calic, Mr. Jovo",1,-0.9267829694782785,0,0,315093,-0.4718018018960433,2
165,0,3,"Panula, Master. Eino Viljami",1,-2.141634543811649,4,1,3101295,0.1528264272880791,2
166,1,3,"Goldsmith, Master. Frank John William ""Frankie""",1,-1.5342087566449638,0,2,363291,-0.2329733613256436,2
168,0,3,"Skoog, Mrs. William (Anna Bernhardina Karlsson)",0,1.1992072856051195,1,4,347088,-0.08449203367913585,2
170,0,3,"Ling, Mr. Lee",1,-0.09157251212408647,0,0,1601,0.491228962810899,2
171,0,1,"Van der hoef, Mr. Wyckoff",1,2.4140588599384896,0,0,111240,0.028253110025331075,2
172,0,3,"Rice, Master. Arthur",1,-1.9138498736241418,4,1,382652,-0.05982903349378369,1
173,1,3,"Johnson, Miss. Eleanor Ileen",0,-2.141634543811649,1,1,347742,-0.4220570338487225,2
174,0,3,"Sivola, Mr. Antti Wilhelm",1,-0.623070075894936,0,0,STON/O 2. 3101280,-0.4866499346606941,2
175,0,1,"Smith, Mr. James Clinch",1,2.0344177429593118,0,0,17764,-0.02820402068468076,0
176,0,3,"Klasen, Mr. Klas Albin",1,-0.8508547460824429,1,1,350404,-0.48807535540610064,2
178,0,1,"Isham, Miss. Ann Elizabeth",0,1.5788484025842977,0,0,PC 17595,-0.06813392131130026,0
179,0,2,"Hale, Mr. Reginald",1,0.06028393466758481,0,0,250653,-0.384474648178521,2
180,0,3,"Leonard, Mr. Lionel",1,0.5158532750425987,0,0,LINE,-0.6462044460638906,2
183,0,3,"Asplund, Master. Clarence Gustaf Hugo",1,-1.5342087566449638,4,2,347077,-0.014277982131041499,2
184,1,2,"Becker, Master. Richard F",1,-2.141634543811649,2,1,230136,0.13898494759221822,2
185,1,3,"Kink-Heilmann, Miss. Luise Gretchen",0,-1.9138498736241418,0,2,315153,-0.20277376926194712,2
188,1,1,"Romaine, Mr. Charles Hallace (""Mr C Rolmane"")",1,1.1992072856051195,0,0,111428,-0.11167166653646265,2
189,0,3,"Bourke, Mr. John",1,0.8195661686259412,1,1,364849,-0.33414199473902684,1
190,0,3,"Turcin, Mr. Stjepan",1,0.5158532750425987,0,0,349247,-0.4872378200528674,2
191,1,2,"Pinsky, Mrs. (Rosa)",0,0.2121403814592561,0,0,234604,-0.384474648178521,2
192,0,2,"Carbines, Mr. William",1,-0.7749265226866072,0,0,28424,-0.384474648178521,2
193,1,3,"Andersen-Jensen, Miss. Carla Christine Nielsine",0,-0.7749265226866072,1,0,350046,-0.48807535540610064,2
194,1,2,"Navratil, Master. Michel M",1,-1.9897780970199777,1,1,230080,-0.1227448502931514,2
195,1,1,"Brown, Mrs. James Joseph (Margaret Tobin)",0,1.1232790622092839,0,0,PC 17610,-0.08809987827767876,0
198,0,3,"Olsen, Mr. Karl Siegwart Andreas",1,0.9714226154176125,0,1,4579,-0.4770021716494119,2
200,0,2,"Yrois, Miss. Henriette (""Mrs Harbeck"")",0,-0.39528540570742904,0,0,248747,-0.384474648178521,2
201,0,3,"Vande Walle, Mr. Nestor Cyriel",1,-0.09157251212408647,0,0,345770,-0.4549403629938128,2
203,0,3,"Johanson, Mr. Jakob Alfred",1,0.3639968282509274,0,0,3101264,-0.5154241059789841,2
204,0,3,"Youseff, Mr. Gerious",1,1.2371713973030374,0,0,2628,-0.5007430776237525,0
205,1,3,"Cohen, Mr. Gurshon ""Gus""",1,-0.8508547460824429,0,0,A/5 3540,-0.4841333019887194,2
206,0,3,"Strom, Miss. Telma Matilda",0,-2.065706320415813,0,1,347054,-0.43556229141960756,2
207,0,3,"Backstrom, Mr. Karl Alfred",1,0.2121403814592561,1,0,3101278,-0.32709542325749763,2
208,1,3,"Albimona, Mr. Nassef Cassem",1,-0.24342895891575775,0,0,2699,-0.267954555466092,0
209,1,3,"Carr, Miss. Helen ""Ellen""",0,-1.0027111928741141,0,0,367231,-0.4901732204014587,1
210,1,1,"Blank, Mr. Henry",1,0.8195661686259412,0,0,112277,-0.02207954341416308,0
211,0,3,"Ali, Mr. Ahmed",1,-0.39528540570742904,0,0,SOTON/O.Q. 3101311,-0.504266363364517,2
212,1,2,"Cameron, Miss. Clear Annie",0,0.43992505164676304,0,0,F.C.C. 13528,-0.2234101571721397,2
213,0,3,"Perkin, Mr. John Henry",1,-0.5471418524991003,0,0,A/5 21174,-0.5002397510893576,2
214,0,2,"Givard, Mr. Hans Kristensen",1,0.06028393466758481,0,0,250646,-0.384474648178521,2
217,1,3,"Honkanen, Miss. Eliina",0,-0.16750073551992212,0,0,STON/O2. 3101283,-0.4866499346606941,2
218,0,2,"Jacobsohn, Mr. Sidney Samuel",1,0.9714226154176125,1,0,243847,-0.10261178891735373,2
220,0,2,"Harris, Mr. Walter",1,0.06028393466758481,0,0,W/C 14208,-0.4348073016180152,2
221,1,3,"Sunderland, Mr. Victor Francis",1,-1.0027111928741141,0,0,SOTON/OQ 392089,-0.4841333019887194,2
222,0,2,"Bracken, Mr. James H",1,-0.16750073551992212,0,0,220367,-0.384474648178521,2
223,0,3,"Green, Mr. George Henry",1,1.6547766259801333,0,0,21440,-0.4841333019887194,2
226,0,3,"Berglund, Mr. Karl Ivar Sven",1,-0.5471418524991003,0,0,PP 4348,-0.45796032220018246,2
227,1,2,"Mellors, Mr. William John",1,-0.7749265226866072,0,0,SW/PP 751,-0.4348073016180152,2
228,0,3,"Lovell, Mr. John Hall (""Henry"")",1,-0.6610341875928538,0,0,A/5 21173,-0.5002397510893576,2
229,0,2,"Fahlstrom, Mr. Arne Jonas",1,-0.8508547460824429,0,0,236171,-0.384474648178521,2
232,0,3,"Larsson, Mr. Bengt Edvin",1,-0.01564428872825083,0,0,347067,-0.48966989386706383,2
233,0,2,"Sjostedt, Mr. Ernst Adolf",1,2.2622024131468184,0,0,237442,-0.37440811749062214,2
234,1,3,"Asplund, Miss. Lillian Gertrud",0,-1.8379216502283062,4,2,347077,-0.014277982131041499,2
235,0,2,"Leyson, Mr. Robert William Norman",1,-0.39528540570742904,0,0,C.A. 29566,-0.4348073016180152,2
237,0,2,"Hold, Mr. Stephen",1,1.1232790622092839,1,0,26707,-0.1227448502931514,2
238,1,2,"Collyer, Miss. Marjorie ""Lottie""",0,-1.6101369800407994,0,2,C.A. 31921,-0.11771158494920198,2
239,0,2,"Pengelly, Mr. Frederick William",1,-0.7749265226866072,0,0,28665,-0.4348073016180152,2
240,0,2,"Hunt, Mr. George Henry",1,0.2880686048550917,0,0,SCO/W 1585,-0.3990711176759743,2
243,0,2,"Coleridge, Mr. Reginald Charles",1,-0.01564428872825083,0,0,W./C. 14263,-0.4348073016180152,2
244,0,3,"Maenpaa, Mr. Matti Alexanteri",1,-0.5471418524991003,0,0,STON/O 2. 3101275,-0.5027563837613322,2
245,0,3,"Attalah, Mr. Sleiman",1,0.06028393466758481,0,0,2694,-0.5007430776237525,0
247,0,3,"Lindahl, Miss. Agda Thorilda Viktoria",0,-0.3193571823115934,0,0,347071,-0.48966989386706383,2
248,1,2,"Hamalainen, Mrs. William (Anna)",0,-0.39528540570742904,0,2,250649,-0.3542750561148245,2
249,1,1,"Beckwith, Mr. Richard Leonard",1,0.5917814984384343,1,1,11751,0.4118724880920549,2
250,0,2,"Carter, Rev. Ernest Courtenay",1,1.8825612961676403,1,0,244252,-0.1227448502931514,2
252,0,3,"Strom, Mrs. Wilhelm (Elna Matilda Persson)",0,-0.01564428872825083,1,1,347054,-0.43556229141960756,2
253,0,1,"Stead, Mr. William Thomas",1,2.4899870833343254,0,0,113514,-0.11167166653646265,2
254,0,3,"Lobb, Mr. William Arthur",1,0.06028393466758481,1,0,A/5. 3336,-0.3220621579135482,2
255,0,3,"Rosblom, Mrs. Viktor (Helena Wilhelmina)",0,0.8954943920217769,0,2,370129,-0.23926494300558038,2
256,1,3,"Touma, Mrs. Darwis (Hanne Youssef Razi)",0,-0.01564428872825083,0,2,2650,-0.33925981894075463,0
260,1,2,"Parrish, Mrs. (Lutie Davis)",0,1.5788484025842977,0,1,230433,-0.1227448502931514,2
262,1,3,"Asplund, Master. Edvin Rojj Felix",1,-1.9897780970199777,4,2,347077,-0.014277982131041499,2
264,0,1,"Harrison, Mr. William",1,0.8195661686259412,0,0,112059,-0.6462044460638906,2
266,0,2,"Reeves, Mr. David",1,0.5158532750425987,0,0,C.A. 17248,-0.4348073016180152,2
267,0,3,"Panula, Mr. Ernesti Arvid",1,-1.0027111928741141,4,1,3101295,0.1528264272880791,2
268,1,3,"Persson, Mr. Ernst Ulrik",1,-0.3193571823115934,1,0,347083,-0.48966989386706383,2
272,1,3,"Tornquist, Mr. William Henry",1,-0.3193571823115934,0,0,LINE,-0.6462044460638906,2
273,1,2,"Mellinger, Mrs. (Elizabeth Anne Maidment)",0,0.8954943920217769,0,1,250644,-0.2536097492358362,2
274,0,1,"Natsch, Mr. Charles H",1,0.5917814984384343,0,1,PC 17596,-0.04825252320270005,0
277,0,3,"Lindblom, Miss. Augusta Charlotta",0,1.1992072856051195,0,0,347073,-0.4901732204014587,2
279,0,3,"Rice, Master. Eric",1,-1.686065203436635,4,1,382652,-0.05982903349378369,1
280,1,3,"Abbott, Mrs. Stanton (Rosa Hunt)",0,0.43992505164676304,1,1,C.A. 2673,-0.23850995320398793,2
281,0,3,"Duane, Mr. Frank",1,2.7177717535218324,0,0,336439,-0.4901732204014587,1
282,0,3,"Olsson, Mr. Nils Johan Goransson",1,-0.09157251212408647,0,0,347464,-0.48807535540610064,2
283,0,3,"de Pelsmaeker, Mr. Alfons",1,-1.0027111928741141,0,0,345778,-0.4549403629938128,2
284,1,3,"Dorking, Mr. Edward Arthur",1,-0.7749265226866072,0,0,A/5. 10482,-0.4841333019887194,2
286,0,3,"Stankovic, Mr. Ivan",1,0.2880686048550917,0,0,349239,-0.4718018018960433,0
287,1,3,"de Mulder, Mr. Theodore",1,0.06028393466758481,0,0,345774,-0.4549403629938128,2
288,0,3,"Naidenoff, Mr. Penko",1,-0.5471418524991003,0,0,349206,-0.4872378200528674,2
289,1,2,"Hosono, Mr. Masabumi",1,0.9714226154176125,0,0,237798,-0.384474648178521,2
290,1,3,"Connolly, Miss. Kate",0,-0.5471418524991003,0,0,370373,-0.4901732204014587,1
293,0,2,"Levy, Mr. Rene Jacques",1,0.5158532750425987,0,0,SC/Paris 2163,-0.3869912808504957,0
294,0,3,"Haas, Miss. Aloisia",0,-0.39528540570742904,0,0,349236,-0.46802685288808127,2
295,0,3,"Mineff, Mr. Ivan",1,-0.39528540570742904,0,0,349233,-0.4872378200528674,2
297,0,3,"Hanna, Mr. Mansour",1,-0.4332495174053469,0,0,2693,-0.5006585187659741,0
303,0,3,"Johnson, Mr. William Cahoone Jr",1,-0.7749265226866072,0,0,LINE,-0.6462044460638906,2
309,0,2,"Abelson, Mr. Samuel",1,0.06028393466758481,1,0,P/PP 3381,-0.1630109730447467,0
310,1,1,"Francatelli, Miss. Laura Mabel",0,0.06028393466758481,0,0,PC 17485,0.4999546316111697,0
313,0,2,"Lahtinen, Mrs. William (Anna Sylfven)",0,-0.24342895891575775,1,1,250651,-0.1227448502931514,2
314,0,3,"Hendekovic, Mr. Ignjac",1,-0.09157251212408647,0,0,349243,-0.4872378200528674,2
315,0,2,"Hart, Mr. Benjamin",1,1.0473508388134483,1,1,F.C.C. 13529,-0.11771158494920198,2
316,1,3,"Nilsson, Miss. Helmina Josefina",0,-0.24342895891575775,0,0,347470,-0.48807535540610064,2
317,1,2,"Kantor, Mrs. Sinai (Miriam Sternin)",0,-0.39528540570742904,1,0,244367,-0.1227448502931514,2
318,0,2,"Moraweck, Dr. Ernest",1,1.8825612961676403,0,0,29011,-0.3643415868027233,2
321,0,3,"Dennis, Mr. Samuel",1,-0.5471418524991003,0,0,A/5 21172,-0.5002397510893576,2
322,0,3,"Danoff, Mr. Yoto",1,-0.16750073551992212,0,0,349219,-0.4872378200528674,2
323,1,2,"Slayter, Miss. Hilda Mary",0,0.06028393466758481,0,0,234818,-0.3975611380727894,1
324,1,2,"Caldwell, Mrs. Albert Francis (Sylvia Mae Harbaugh)",0,-0.5471418524991003,1,1,248738,-0.0623456661657584,2
327,0,3,"Nysveen, Mr. Johan Hansen",1,2.4140588599384896,0,0,345364,-0.5206244757323527,2
328,1,2,"Ball, Mrs. (Ada E Hall)",0,0.5158532750425987,0,0,28551,-0.384474648178521,2
329,1,3,"Goldsmith, Mrs. Frank John (Emily Alice Brown)",0,0.13621215806342046,1,1,363291,-0.2329733613256436,2
330,1,1,"Hippach, Miss. Jean Gertrude",0,-1.0027111928741141,0,1,111361,0.5210943460557572,0
332,0,1,"Partner, Mr. Austen",1,1.2371713973030374,0,0,113043,-0.07241219685365723,2
334,0,3,"Vander Planke, Mr. Leo Edmondus",1,-1.0027111928741141,2,0,345764,-0.28380934129953267,2
339,1,3,"Dahl, Mr. Karl Edwart",1,1.1992072856051195,0,0,7598,-0.4841333019887194,2
340,0,1,"Blackwell, Mr. Stephen Weart",1,1.1992072856051195,0,0,113784,0.0685192327769264,2
341,1,2,"Navratil, Master. Edmond Roger",1,-2.065706320415813,1,1,230080,-0.1227448502931514,2
343,0,2,"Collander, Mr. Erik Gustaf",1,-0.09157251212408647,0,0,248740,-0.384474648178521,2
344,0,2,"Sedgwick, Mr. Charles Frederick Waddington",1,-0.3193571823115934,0,0,244361,-0.384474648178521,2
345,0,2,"Fox, Mr. Stanley Hubert",1,0.5158532750425987,0,0,229236,-0.384474648178521,2
346,1,2,"Brown, Miss. Amelia ""Mildred""",0,-0.39528540570742904,0,0,248733,-0.384474648178521,2
347,1,2,"Smith, Miss. Marion Elsie",0,0.8195661686259412,0,0,31418,-0.384474648178521,2
349,1,3,"Coutts, Master. William Loch ""William""",1,-1.9897780970199777,1,1,C.A. 37671,-0.3260887701887078,2
350,0,3,"Dimic, Mr. Jovan",1,0.9714226154176125,0,0,315088,-0.4718018018960433,2
351,0,3,"Odahl, Mr. Nils Martin",1,-0.4712136291032647,0,0,7267,-0.4604769548721571,2
353,0,3,"Elias, Mr. Tannous",1,-1.0786394162699497,1,1,2695,-0.5006585187659741,0
354,0,3,"Arnold-Franchi, Mr. Josef",1,-0.3193571823115934,1,0,349237,-0.2878359535746922,2
356,0,3,"Vanden Steen, Mr. Leo Peter",1,-0.09157251212408647,0,0,345783,-0.4549403629938128,2
357,1,1,"Bowerman, Miss. Elsie Edith",0,-0.5471418524991003,0,1,113505,0.4611139296049808,2
358,0,2,"Funk, Miss. Annie Clemmer",0,0.6677097218342699,0,0,237671,-0.384474648178521,2
361,0,3,"Skoog, Mr. Wilhelm",1,0.8195661686259412,1,4,347088,-0.08449203367913585,2
362,0,2,"del Carlo, Mr. Sebastiano",1,-0.01564428872825083,1,0,SC/PARIS 2167,-0.08809987827767876,0
363,0,3,"Barbara, Mrs. (Catherine David)",0,1.1992072856051195,0,1,2691,-0.35519715032583604,0
364,0,3,"Asim, Mr. Adola",1,0.43992505164676304,0,0,SOTON/O.Q. 3101310,-0.504266363364517,2
366,0,3,"Adahl, Mr. Mauritz Nils Martin",1,0.06028393466758481,0,0,C 7076,-0.5002397510893576,2
371,1,1,"Harder, Mr. George Achilles",1,-0.3193571823115934,1,0,11765,0.4700067028146706,0
372,0,3,"Wiklund, Mr. Jakob Alfred",1,-0.8508547460824429,1,0,3101267,-0.5154241059789841,2
373,0,3,"Beavan, Mr. William Thomas",1,-0.7749265226866072,0,0,323951,-0.4841333019887194,2
375,0,3,"Palsson, Miss. Stina Viola",0,-1.9897780970199777,3,1,349909,-0.2219001775689549,2
377,1,3,"Landergren, Miss. Aurora Adelia",0,-0.5471418524991003,0,0,C 7077,-0.5002397510893576,2
379,0,3,"Betros, Mr. Tannous",1,-0.6989982992907716,0,0,2648,-0.5654205372935025,0
380,0,3,"Gustafsson, Mr. Karl Gideon",1,-0.7749265226866072,0,0,347069,-0.48966989386706383,2
382,1,3,"Nakid, Miss. Maria (""Mary"")",0,-2.141634543811649,0,2,2653,-0.3292758338044965,0
383,0,3,"Tikkanen, Mr. Juho",1,0.2121403814592561,0,0,STON/O 2. 3101293,-0.4866499346606941,2
384,1,1,"Holverson, Mrs. Alexander Oskar (Mary Aline Towner)",0,0.43992505164676304,1,0,113789,0.40071474547758784,2
387,0,3,"Goodwin, Master. Sidney Leonard",1,-2.141634543811649,5,2,CA 2144,0.29803613246101973,2
388,1,2,"Buss, Miss. Kate",0,0.5158532750425987,0,0,27849,-0.384474648178521,2
390,1,2,"Lehmann, Miss. Bertha",0,-0.9267829694782785,0,0,SC 1748,-0.40460770955431863,0
392,1,3,"Jansson, Mr. Carl Olof",1,-0.623070075894936,0,0,350034,-0.4892511261904472,2
393,0,3,"Gustafsson, Mr. Johan Birger",1,-0.09157251212408647,2,0,3101277,-0.4866499346606941,2
395,1,3,"Sandstrom, Mrs. Hjalmar (Agnes Charlotta Bengtsson)",0,-0.39528540570742904,0,2,PP 9549,-0.30998232108806967,2
396,0,3,"Johansson, Mr. Erik",1,-0.5471418524991003,0,0,350052,-0.4892511261904472,2
397,0,3,"Olsson, Miss. Elina",0,0.13621215806342046,0,0,350407,-0.48807535540610064,2
398,0,2,"McKane, Mr. Peter David",1,1.275135509000955,0,0,28403,-0.1227448502931514,2
399,0,2,"Pain, Dr. Alfred",1,-0.4712136291032647,0,0,244278,-0.4348073016180152,2
400,1,2,"Trout, Mrs. William H (Jessie L)",0,-0.09157251212408647,0,0,240929,-0.3915212196600502,2
401,1,3,"Niskanen, Mr. Juha",1,0.7436379452301056,0,0,STON/O 2. 3101289,-0.4866499346606941,2
402,0,3,"Adams, Mr. John",1,-0.24342895891575775,0,0,341826,-0.4841333019887194,2
403,0,3,"Jussila, Miss. Mari Aina",0,-0.623070075894936,1,0,4137,-0.4483971180466786,2
404,0,3,"Hakkarainen, Mr. Pekka Pietari",1,-0.09157251212408647,1,0,STON/O2. 3101279,-0.32709542325749763,2
405,0,3,"Oreskovic, Miss. Marija",0,-0.6989982992907716,0,0,315096,-0.4718018018960433,2
406,0,2,"Gale, Mr. Shadrach",1,0.3639968282509274,1,0,28664,-0.2234101571721397,2
407,0,3,"Widegren, Mr. Carl/Charles Peter",1,1.6547766259801333,0,0,347064,-0.4901732204014587,2
408,1,2,"Richards, Master. William Rowe",1,-1.9897780970199777,1,1,29106,-0.2687095452676844,2
409,0,3,"Birkeland, Mr. Hans Martin Monsen",1,-0.623070075894936,0,0,312992,-0.48966989386706383,2
415,1,3,"Sundman, Mr. Johan Julian",1,1.1232790622092839,0,0,STON/O 2. 3101269,-0.4866499346606941,2
417,1,2,"Drew, Mrs. James Vivian (Lulu Thorne Christian)",0,0.3639968282509274,1,1,28220,0.008120048649533414,2
418,1,2,"Silven, Miss. Lyyli Karoliina",0,-0.8508547460824429,0,2,250652,-0.384474648178521,2
419,0,2,"Matthews, Mr. William John",1,0.06028393466758481,0,0,28228,-0.384474648178521,2
420,0,3,"Van Impe, Miss. Catharina",0,-1.458280533249128,0,2,345773,-0.15999101383837708,2
422,0,3,"Charters, Mr. David",1,-0.623070075894936,0,0,A/5. 13032,-0.4905094425264345,1
423,0,3,"Zimmerman, Mr. Leo",1,-0.01564428872825083,0,0,315082,-0.487656587729484,2
424,0,3,"Danbom, Mrs. Ernst Gilbert (Anna Sigrid Maria Brogren)",0,-0.09157251212408647,1,1,347080,-0.3562883622524043,2
425,0,3,"Rosblom, Mr. Viktor Richard",1,-0.8508547460824429,1,1,370129,-0.23926494300558038,2
427,1,2,"Clarke, Mrs. Charles V (Ada Maria Winfield)",0,-0.09157251212408647,1,0,2003,-0.1227448502931514,2
428,1,2,"Phillips, Miss. Kate Florence (""Mrs Kate Louise Phillips Marshall"")",0,-0.7749265226866072,0,0,250655,-0.1227448502931514,2
430,1,3,"Pickard, Mr. Berk (Berk Trembisky)",1,0.2121403814592561,0,0,SOTON/O.Q. 392078,-0.4841333019887194,2
431,1,1,"Bjornstrom-Steffansson, Mr. Mauritz Hakan",1,-0.09157251212408647,0,0,110564,-0.11167166653646265,2
433,1,2,"Louch, Mrs. Charles Alexander (Alice Adelaide Slow)",0,0.9714226154176125,1,0,SC/AH 3085,-0.1227448502931514,2
434,0,3,"Kallio, Mr. Nikolai Erland",1,-0.9267829694782785,0,0,STON/O 2. 3101274,-0.5027563837613322,2
435,0,1,"Silvey, Mr. William Baird",1,1.5788484025842977,1,0,13507,0.47923368484319867,2
437,0,3,"Ford, Miss. Doolina Margaret ""Daisy""",0,-0.623070075894936,2,2,W./C. 6608,0.04586953872915403,2
438,1,2,"Richards, Mrs. Sidney (Emily Hocking)",0,-0.39528540570742904,2,3,29106,-0.2687095452676844,2
440,0,2,"Kvillner, Mr. Johan Henrik Johannesson",1,0.13621215806342046,0,0,C.A. 18723,-0.4348073016180152,2
441,1,2,"Hart, Mrs. Benjamin (Esther Ada Bloomfield)",0,1.1992072856051195,1,1,F.C.C. 13529,-0.11771158494920198,2
442,0,3,"Hampe, Mr. Leon",1,-0.6989982992907716,0,0,345769,-0.4549403629938128,2
443,0,3,"Petterson, Mr. Johan Emil",1,-0.3193571823115934,1,0,347076,-0.48966989386706383,2
444,1,2,"Reynaldo, Ms. Encarnacion",0,-0.09157251212408647,0,0,230434,-0.384474648178521,2
447,1,2,"Mellinger, Miss. Madeleine Violet",0,-1.2304958630616212,0,1,250644,-0.2536097492358362,2
448,1,1,"Seward, Mr. Frederic Kimber",1,0.3639968282509274,0,0,113794,-0.11167166653646265,2
449,1,3,"Baclini, Miss. Marie Catherine",0,-1.8379216502283062,2,1,2666,-0.25847591017036653,0
450,1,1,"Peuchen, Major. Arthur Godfrey",1,1.730704849375969,0,0,113786,-0.03214607410206191,2
451,0,2,"West, Mr. Edwy Arthur",1,0.5158532750425987,1,2,C.A. 34651,-0.08751199288550549,2
453,0,1,"Foreman, Mr. Benjamin Laventall",1,0.06028393466758481,0,0,113051,-0.08751199288550549,0
456,1,3,"Jalsevac, Mr. Ivan",1,-0.01564428872825083,0,0,349240,-0.4872378200528674,0
457,0,1,"Millet, Mr. Francis Davis",1,2.7177717535218324,0,0,13509,-0.11167166653646265,2
459,1,2,"Toomey, Miss. Ellen",0,1.5788484025842977,0,0,F.C.C. 13531,-0.4348073016180152,2
461,1,1,"Anderson, Mr. Harry",1,1.4269919557926265,0,0,19952,-0.11167166653646265,2
462,0,3,"Morley, Mr. William",1,0.3639968282509274,0,0,364506,-0.4841333019887194,2
463,0,1,"Gee, Mr. Arthur H",1,1.3510637323967907,0,0,111320,0.12891841690431938,2
464,0,2,"Milling, Mr. Jacob Christian",1,1.4269919557926265,0,0,234360,-0.384474648178521,2
466,0,3,"Goncalves, Mr. Manuel Estanslas",1,0.6677097218342699,0,0,SOTON/O.Q. 3101306,-0.504266363364517,2
468,0,1,"Smart, Mr. John Montgomery",1,2.0344177429593118,0,0,113792,-0.11167166653646265,2
470,1,3,"Baclini, Miss. Helene Barbara",0,-2.160616599660608,2,1,2666,-0.25847591017036653,0
472,0,3,"Cacic, Mr. Luka",1,0.6677097218342699,0,0,315089,-0.4718018018960433,2
473,1,2,"West, Mrs. Edwy Arthur (Ada Mary Worth)",0,0.2880686048550917,1,2,C.A. 34651,-0.08751199288550549,2
474,1,2,"Jerwan, Mrs. Amin S (Marie Marthe Thuillard)",0,-0.4712136291032647,0,0,SC/AH Basle 541,-0.368535303487302,0
475,0,3,"Strandberg, Miss. Ida Sofia",0,-0.5471418524991003,0,0,7553,-0.44814545477948114,2
477,0,2,"Renouf, Mr. Peter Henry",1,0.3639968282509274,1,0,31027,-0.2234101571721397,2
478,0,3,"Braund, Mr. Lewis Richard",1,-0.01564428872825083,1,0,3460,-0.5043509222222954,2
479,0,3,"Karlsson, Mr. Nils August",1,-0.5471418524991003,0,0,350060,-0.4947877180687915,2
480,1,3,"Hirvonen, Miss. Hildur E",0,-2.065706320415813,0,1,3101298,-0.3988194544087768,2
481,0,3,"Goodwin, Master. Harold Victor",1,-1.5342087566449638,5,2,CA 2144,0.29803613246101973,2
483,0,3,"Rouse, Mr. Richard Henry",1,1.5788484025842977,0,0,A/5 3594,-0.4841333019887194,2
484,1,3,"Turkula, Mrs. (Hedwig)",0,2.565915306730161,0,0,4134,-0.4531787201234305,2
488,0,1,"Kent, Mr. Edward Austin",1,2.186274189750983,0,0,11771,-0.04825252320270005,0
489,0,3,"Somerton, Mr. Francis William",1,0.06028393466758481,0,0,A.5. 18509,-0.4841333019887194,2
490,1,3,"Coutts, Master. Eden Leslie ""Neville""",1,-1.5342087566449638,1,1,C.A. 37671,-0.3260887701887078,2
492,0,3,"Windelov, Mr. Einar",1,-0.623070075894936,0,0,SOTON/OQ 3101317,-0.5002397510893576,2
493,0,1,"Molson, Mr. Harry Markland",1,1.958489519563476,0,0,113787,-0.03214607410206191,2
494,0,1,"Artagaveytia, Mr. Ramon",1,3.173341093896846,0,0,PC 17609,0.350466650895872,0
495,0,3,"Stanley, Mr. Edward Roland",1,-0.623070075894936,0,0,A/4 45380,-0.4841333019887194,2
500,0,3,"Svensson, Mr. Olof",1,-0.39528540570742904,0,0,350035,-0.4892511261904472,2
501,0,3,"Calic, Mr. Petar",1,-0.9267829694782785,0,0,315086,-0.4718018018960433,2
502,0,3,"Canavan, Miss. Mary",0,-0.623070075894936,0,0,364846,-0.4901732204014587,1
504,0,3,"Laitinen, Miss. Kristina Sofia",0,0.5917814984384343,0,0,4135,-0.4531787201234305,2
507,1,2,"Quick, Mrs. Frederick Charles (Jane Richards)",0,0.2880686048550917,0,2,26360,-0.1227448502931514,2
509,0,3,"Olsen, Mr. Henry Margido",1,-0.09157251212408647,0,0,C 4001,-0.19270723857404828,2
510,1,3,"Lang, Mr. Fang",1,-0.24342895891575775,0,0,1601,0.491228962810899,2
511,1,3,"Daly, Mr. Eugene Patrick",1,-0.01564428872825083,0,0,382651,-0.4901732204014587,1
513,1,1,"McGough, Mr. James Robert",1,0.5158532750425987,0,0,PC 17473,-0.11695659514760953,2
514,1,1,"Rothschild, Mrs. Martin (Elizabeth L. Barrett)",0,1.8825612961676403,1,0,PC 17603,0.5496993996584905,0
515,0,3,"Coleff, Mr. Satio",1,-0.39528540570742904,0,0,349209,-0.4952910446031865,2
516,0,1,"Walker, Mr. William Anderson",1,1.3510637323967907,0,0,36967,0.038738408389846525,2
517,1,2,"Lemore, Mrs. (Amelia Milley)",0,0.3639968282509274,0,0,C.A. 34260,-0.4348073016180152,2
519,1,2,"Angle, Mrs. William A (Florence ""Mary"" Agnes Hughes)",0,0.5158532750425987,1,0,226875,-0.1227448502931514,2
520,0,3,"Pavlovic, Mr. Stefo",1,0.2121403814592561,0,0,349242,-0.4872378200528674,2
522,0,3,"Vovk, Mr. Janko",1,-0.5471418524991003,0,0,349252,-0.4872378200528674,2
524,1,1,"Hippach, Mrs. Louis Albert (Ida Sophia Fischer)",0,1.1232790622092839,0,1,111361,0.5210943460557572,0
526,0,3,"Farrell, Mr. James",1,0.857530280323859,0,0,367232,-0.4901732204014587,1
527,1,2,"Ridsdale, Miss. Lucy",0,1.5788484025842977,0,0,W./C. 14258,-0.4348073016180152,2
529,0,3,"Salonen, Mr. Johan Werner",1,0.7436379452301056,0,0,3101296,-0.4866499346606941,2
530,0,2,"Hocking, Mr. Richard George",1,-0.4712136291032647,2,1,29104,-0.4146742402422175,2
531,1,2,"Quick, Miss. Phyllis May",0,-2.065706320415813,1,1,26360,-0.1227448502931514,2
533,0,3,"Elias, Mr. Joseph Jr",1,-0.9267829694782785,1,1,2690,-0.5006585187659741,0
535,0,3,"Cacic, Miss. Marija",0,0.06028393466758481,0,0,315084,-0.4718018018960433,2
536,1,2,"Hart, Miss. Eva Miriam",0,-1.686065203436635,0,2,F.C.C. 13529,-0.11771158494920198,2
537,0,1,"Butt, Major. Archibald Willingham",1,1.1992072856051195,0,0,113050,-0.11167166653646265,2
540,1,1,"Frolicher, Miss. Hedwig Margaritha",0,-0.5471418524991003,0,2,13568,0.3503820920380937,0
542,0,3,"Andersson, Miss. Ingeborg Constanzia",0,-1.5342087566449638,4,2,347082,-0.01654295153581875,2
543,0,3,"Andersson, Miss. Sigrid Elisabeth",0,-1.3823523098532924,4,2,347082,-0.01654295153581875,2
544,1,2,"Beane, Mr. Edward",1,0.2121403814592561,1,0,2908,-0.1227448502931514,2
546,0,1,"Nicholson, Mr. Arthur Ernest",1,2.6418435301259966,0,0,693,-0.1227448502931514,2
547,1,2,"Beane, Mrs. Edward (Ethel Clarke)",0,-0.7749265226866072,1,0,2908,-0.1227448502931514,2
549,0,3,"Goldsmith, Mr. Frank John",1,0.2880686048550917,1,1,363291,-0.2329733613256436,2
550,1,2,"Davies, Master. John Morgan Jr",1,-1.6101369800407994,1,1,C.A. 33112,0.09368555949667348,2
552,0,2,"Sharp, Mr. Percival James R",1,-0.16750073551992212,0,0,244358,-0.1227448502931514,2
554,1,3,"Leeni, Mr. Fahim (""Philip Zenni"")",1,-0.5471418524991003,0,0,2620,-0.5007430776237525,0
555,1,3,"Ohman, Miss. Velin",0,-0.5471418524991003,0,0,347085,-0.48966989386706383,2
556,0,1,"Wright, Mr. George",1,2.4899870833343254,0,0,113807,-0.11167166653646265,2
557,1,1,"Duff Gordon, Lady. (Lucille Christiana Sutherland) (""Mrs Morgan"")",0,1.4269919557926265,1,0,11755,0.15106478441769686,0
560,1,3,"de Messemaeker, Mrs. Guillaume Joseph (Emma)",0,0.5158532750425987,1,0,345572,-0.2958891781250113,2
562,0,3,"Sivic, Mr. Husein",1,0.8195661686259412,0,0,349251,-0.4872378200528674,2
563,0,2,"Norman, Mr. Robert Douglas",1,-0.09157251212408647,0,0,218629,-0.37440811749062214,2
566,0,3,"Davies, Mr. Alfred J",1,-0.39528540570742904,2,0,A/4 48871,-0.15999101383837708,2
567,0,3,"Stoytcheff, Mr. Ilia",1,-0.7749265226866072,0,0,349205,-0.4872378200528674,2
568,0,3,"Palsson, Mrs. Nils (Alma Cornelia Berglund)",0,-0.01564428872825083,0,4,349909,-0.2219001775689549,2
570,1,3,"Jonsson, Mr. Carl",1,0.2121403814592561,0,0,350417,-0.48807535540610064,2
571,1,2,"Harris, Mr. George",1,2.4899870833343254,0,0,S.W./PP 752,-0.4348073016180152,2
572,1,1,"Appleton, Mrs. Edward Dale (Charlotte Lamson)",0,1.8066330727718045,2,0,11769,0.3902294471130724,2
573,1,1,"Flynn, Mr. John Irwin (""Irving"")",1,0.5158532750425987,0,0,PC 17474,-0.11494328901002981,2
575,0,3,"Rush, Mr. Alfred George John",1,-1.0027111928741141,0,0,A/4. 20589,-0.4841333019887194,2
576,0,3,"Patchett, Mr. George",1,-0.7749265226866072,0,0,358585,-0.3542750561148245,2
577,1,2,"Garside, Miss. Ethel",0,0.3639968282509274,0,0,243880,-0.384474648178521,2
578,1,1,"Silvey, Mrs. William Baird (Alice Munger)",0,0.7436379452301056,1,0,13507,0.47923368484319867,2
580,1,3,"Jussila, Mr. Eiriik",1,0.2121403814592561,0,0,STON/O 2. 3101286,-0.4866499346606941,2
581,1,2,"Christy, Miss. Julie Rachel",0,-0.3193571823115934,1,1,237789,-0.04221260478996074,2
583,0,2,"Downton, Mr. William James",1,1.8825612961676403,0,0,28403,-0.1227448502931514,2
584,0,1,"Ross, Mr. John Hugo",1,0.5158532750425987,0,0,13049,0.16163464163999058,0
587,0,2,"Jarvis, Mr. John Denzil",1,1.3510637323967907,0,0,237565,-0.34420852542692565,2
589,0,3,"Gilinski, Mr. Eliezer",1,-0.5471418524991003,0,0,14973,-0.4841333019887194,2
591,0,3,"Rintamaki, Mr. Matti",1,0.43992505164676304,0,0,STON/O 2. 3101273,-0.5027563837613322,2
593,0,3,"Elsbury, Mr. William James",1,1.3510637323967907,0,0,A/5 3902,-0.5002397510893576,2
595,0,2,"Chapman, Mr. John Henry",1,0.5917814984384343,1,0,SC/AH 29037,-0.1227448502931514,2
596,0,3,"Van Impe, Mr. Jean Baptiste",1,0.5158532750425987,1,1,345773,-0.15999101383837708,2
598,0,3,"Johnson, Mr. Alfred",1,1.502920179188462,0,0,LINE,-0.6462044460638906,2
600,1,1,"Duff Gordon, Sir. Cosmo Edmund (""Mr Morgan"")",1,1.502920179188462,1,0,PC 17485,0.4999546316111697,0
601,1,2,"Jacobsohn, Mrs. Sidney Samuel (Amy Frances Christy)",0,-0.39528540570742904,2,1,243847,-0.10261178891735373,2
604,0,3,"Torber, Mr. Ernst William",1,1.1232790622092839,0,0,364511,-0.4841333019887194,2
605,1,1,"Homer, Mr. Harry (""Mr E Haven"")",1,0.43992505164676304,0,0,111426,-0.11167166653646265,0
606,0,3,"Lindell, Mr. Edvard Bengtsson",1,0.5158532750425987,1,0,349910,-0.33313534167023695,2
607,0,3,"Karaic, Mr. Milan",1,0.06028393466758481,0,0,349246,-0.4872378200528674,2
608,1,1,"Daniel, Mr. Robert Williams",1,-0.16750073551992212,0,0,113804,-0.03214607410206191,2
609,1,2,"Laroche, Mrs. Joseph (Juliette Marie Louise Lafargue)",0,-0.5471418524991003,1,2,SC/Paris 2123,0.19091213949267555,0
611,0,3,"Andersson, Mrs. Anders Johan (Alfrida Konstantia Brogren)",0,0.7436379452301056,1,5,347082,-0.01654295153581875,2
615,0,3,"Brocklebank, Mr. William Alfred",1,0.43992505164676304,0,0,364512,-0.4841333019887194,2
616,1,2,"Herman, Miss. Alice",0,-0.39528540570742904,1,2,220845,0.6624445433629574,2
617,0,3,"Danbom, Mr. Ernst Gilbert",1,0.3639968282509274,1,1,347080,-0.3562883622524043,2
618,0,3,"Lobb, Mrs. William Arthur (Cordelia K Stanlick)",0,-0.24342895891575775,1,0,A/5. 3336,-0.3220621579135482,2
619,1,2,"Becker, Miss. Marion Louise",0,-1.9138498736241418,2,1,230136,0.13898494759221822,2
620,0,2,"Gavey, Mr. Lawrence",1,-0.24342895891575775,0,0,31028,-0.4348073016180152,2
621,0,3,"Yasbeck, Mr. Antoni",1,-0.16750073551992212,1,0,2659,-0.35519715032583604,0
622,1,1,"Kimball, Mr. Edwin Nelson Jr",1,0.9714226154176125,1,0,11753,0.4118724880920549,2
623,1,3,"Nakid, Mr. Sahid",1,-0.6989982992907716,1,1,2653,-0.3292758338044965,0
624,0,3,"Hansen, Mr. Henry Damsgaard",1,-0.623070075894936,0,0,350029,-0.48807535540610064,2
625,0,3,"Bowen, Mr. David John ""Dai""",1,-0.623070075894936,0,0,54636,-0.3220621579135482,2
626,0,1,"Sutton, Mr. Frederick",1,2.4140588599384896,0,0,36963,0.004512204050990442,2
627,0,2,"Kirkland, Rev. Charles Leonard",1,2.110345966355147,0,0,219533,-0.3975611380727894,1
629,0,3,"Bostandyeff, Mr. Guentcho",1,-0.24342895891575775,0,0,349224,-0.4872378200528674,2
631,1,1,"Barkworth, Mr. Algernon Henry Wilson",1,3.856695104459367,0,0,27042,-0.04221260478996074,2
632,0,3,"Lundahl, Mr. Johan Svensson",1,1.6547766259801333,0,0,347743,-0.5041818045067387,2
633,1,1,"Stahelin-Maeglin, Dr. Max",1,0.2121403814592561,0,0,13214,-0.03214607410206191,0
635,0,3,"Skoog, Miss. Mabel",0,-1.5342087566449638,3,2,347088,-0.08449203367913585,2
636,1,2,"Davis, Miss. Mary",0,-0.09157251212408647,0,0,237668,-0.384474648178521,2
637,0,3,"Leinonen, Mr. Antti Gustaf",1,0.2121403814592561,0,0,STON/O 2. 3101292,-0.4866499346606941,2
638,0,2,"Collyer, Mr. Harvey",1,0.13621215806342046,1,1,C.A. 31921,-0.11771158494920198,2
639,0,3,"Panula, Mrs. Juha (Maria Emilia Ojala)",0,0.8954943920217769,0,5,3101295,0.1528264272880791,2
641,0,3,"Jensen, Mr. Hans Peder",1,-0.6989982992907716,0,0,350050,-0.48807535540610064,2
643,0,3,"Skoog, Miss. Margit Elizabeth",0,-2.065706320415813,3,2,347088,-0.08449203367913585,2
645,1,3,"Baclini, Miss. Eugenie",0,-2.160616599660608,2,1,2666,-0.25847591017036653,0
647,0,3,"Cor, Mr. Liudevit",1,-0.7749265226866072,0,0,349231,-0.4872378200528674,2
648,1,1,"Simonius-Blumer, Col. Oberst Alfons",1,2.0344177429593118,0,0,13213,0.0685192327769264,0
650,1,3,"Stanley, Miss. Amy Zillah Elsie",0,-0.4712136291032647,0,0,CA. 2314,-0.4941998326766182,2
652,1,2,"Doling, Miss. Elsie",0,-0.8508547460824429,0,1,231919,-0.18314403442054436,2
653,0,3,"Kalvik, Mr. Johannes Halvorsen",1,-0.623070075894936,0,0,8475,-0.47641629956337617,2
655,0,3,"Hegarty, Miss. Hanora ""Nora""",0,-0.8508547460824429,0,0,365226,-0.5103062817772563,1
658,0,3,"Bourke, Mrs. John (Catherine)",0,0.2121403814592561,1,1,364849,-0.33414199473902684,1
659,0,2,"Eitemiller, Mr. George Floyd",1,-0.4712136291032647,0,0,29751,-0.384474648178521,2
662,0,3,"Badt, Mr. Mohamed",1,0.8195661686259412,0,0,2623,-0.5007430776237525,0
663,0,1,"Colley, Mr. Edward Pomeroy",1,1.3510637323967907,0,0,5727,-0.13104973811066795,2
664,0,3,"Coleff, Mr. Peju",1,0.5158532750425987,0,0,349210,-0.4952910446031865,2
665,1,3,"Lindqvist, Mr. Eino William",1,-0.6989982992907716,1,0,STON/O 2. 3101285,-0.4866499346606941,2
667,0,2,"Butler, Mr. Reginald Fenton",1,-0.3193571823115934,0,0,234686,-0.384474648178521,2
669,0,3,"Cook, Mr. Jacob",1,1.0473508388134483,0,0,A/5 3536,-0.4841333019887194,2
671,1,2,"Brown, Mrs. Thomas William Solomon (Elizabeth Catherine Ford)",0,0.8195661686259412,1,1,29750,0.13898494759221822,2
672,0,1,"Davidson, Mr. Thornton",1,0.13621215806342046,1,0,F.C. 12750,0.40071474547758784,2
673,0,2,"Mitchell, Mr. Henry Michael",1,3.0974128705010107,0,0,C.A. 24580,-0.4348073016180152,2
674,1,2,"Wilhelms, Mr. Charles",1,0.13621215806342046,0,0,244270,-0.384474648178521,2
676,0,3,"Edvardsson, Mr. Gustaf Hjalmar",1,-0.8508547460824429,0,0,349912,-0.48966989386706383,2
677,0,3,"Sawyer, Mr. Frederick Charles",1,-0.35732129400951124,0,0,342826,-0.4841333019887194,2
678,1,3,"Turja, Miss. Anna Sofia",0,-0.8508547460824429,0,0,4138,-0.4480608959217028,2
679,0,3,"Goodwin, Mrs. Frederick (Augusta Tyler)",0,1.0473508388134483,1,6,CA 2144,0.29803613246101973,2
683,0,3,"Olsvigen, Mr. Thor Anderson",1,-0.6989982992907716,0,0,6563,-0.4604769548721571,2
684,0,3,"Goodwin, Mr. Charles Edward",1,-1.1545676396657856,5,2,CA 2144,0.29803613246101973,2
685,0,2,"Brown, Mr. Thomas William Solomon",1,2.338130636542654,1,1,29750,0.13898494759221822,2
686,0,2,"Laroche, Mr. Joseph Philippe Lemercier",1,-0.3193571823115934,1,2,SC/Paris 2123,0.19091213949267555,0
687,0,3,"Panula, Mr. Jaako Arnold",1,-1.1545676396657856,4,1,3101295,0.1528264272880791,2
688,0,3,"Dakic, Mr. Branko",1,-0.7749265226866072,0,0,349228,-0.44143510542292774,2
689,0,3,"Fischer, Mr. Eberhard Thelander",1,-0.8508547460824429,0,0,350036,-0.4892511261904472,2
691,1,1,"Dick, Mr. Albert Adrian",1,0.13621215806342046,1,0,17474,0.5013800523565761,2
692,1,3,"Karun, Miss. Manca",0,-1.9138498736241418,0,1,349256,-0.3760852015032261,0
694,0,3,"Saad, Mr. Khalil",1,-0.3193571823115934,0,0,2672,-0.5007430776237525,0
695,0,1,"Weir, Col. John",1,2.338130636542654,0,0,113800,-0.11167166653646265,2
696,0,2,"Chapman, Mr. Charles Henry",1,1.730704849375969,0,0,248731,-0.37440811749062214,2
697,0,3,"Kelly, Mr. James",1,1.1232790622092839,0,0,363592,-0.4841333019887194,2
700,0,3,"Humblen, Mr. Adolf Mathias Nicolai Olsen",1,0.9714226154176125,0,0,348121,-0.4921865265390385,2
702,1,1,"Silverthorne, Mr. Spencer Victor",1,0.43992505164676304,0,0,PC 17475,-0.11695659514760953,2
703,0,3,"Barbara, Miss. Saiide",0,-0.8508547460824429,0,1,2691,-0.35519715032583604,0
704,0,3,"Gallagher, Mr. Martin",1,-0.3193571823115934,0,0,36864,-0.4903403248108778,1
705,0,3,"Hansen, Mr. Henrik Juul",1,-0.24342895891575775,1,0,350025,-0.48807535540610064,2
706,0,2,"Morley, Mr. Henry Samuel (""Mr Henry Marshall"")",1,0.7436379452301056,0,0,250655,-0.1227448502931514,2
707,1,2,"Kelly, Mrs. Florence ""Fannie""",0,1.1992072856051195,0,0,223596,-0.37440811749062214,2
708,1,1,"Calderhead, Mr. Edward Pennington",1,0.9714226154176125,0,0,PC 17476,-0.11695659514760953,2
711,1,1,"Mayne, Mlle. Berthe Antonine (""Mrs de Villiers"")",0,-0.39528540570742904,0,0,PC 17482,0.350466650895872,0
713,1,1,"Taylor, Mr. Elmer Zebley",1,1.4269919557926265,1,0,19996,0.40071474547758784,2
714,0,3,"Larsson, Mr. August Viktor",1,-0.01564428872825083,0,0,7545,-0.45527658511878866,2
715,0,2,"Greenberg, Mr. Samuel",1,1.730704849375969,0,0,250647,-0.384474648178521,2
716,0,3,"Soholt, Mr. Peter Andreas Lauritz Andersen",1,-0.7749265226866072,0,0,348124,-0.4921865265390385,2
718,1,2,"Troutt, Miss. Edwina Celia ""Winnie""",0,-0.16750073551992212,0,0,34218,-0.4348073016180152,2
720,0,3,"Johnson, Mr. Malkolm Joackim",1,0.2880686048550917,0,0,347062,-0.48966989386706383,2
721,1,2,"Harper, Miss. Annie Jessie ""Nina""",0,-1.7619934268324706,0,1,248727,0.018186579337432247,2
722,0,3,"Jensen, Mr. Svend Lauritz",1,-0.9267829694782785,1,0,350048,-0.5041818045067387,2
723,0,2,"Gillespie, Mr. William Henry",1,0.3639968282509274,0,0,12233,-0.384474648178521,2
724,0,2,"Hodges, Mr. Henry Price",1,1.5788484025842977,0,0,250643,-0.384474648178521,2
725,1,1,"Chambers, Mr. Norman Campbell",1,-0.16750073551992212,1,0,113806,0.4228611129909653,2
726,0,3,"Oreskovic, Mr. Luka",1,-0.6989982992907716,0,0,315094,-0.4718018018960433,2
727,1,2,"Renouf, Mrs. Peter Henry (Lillian Jefferys)",0,0.06028393466758481,3,0,31027,-0.2234101571721397,2
729,0,2,"Bryhl, Mr. Kurt Arnold Gottfrid",1,-0.3193571823115934,1,0,236853,-0.1227448502931514,2
730,0,3,"Ilmakangas, Miss. Pieta Sofia",0,-0.3193571823115934,1,0,STON/O2. 3101271,-0.4866499346606941,2
732,0,3,"Hassan, Mr. Houssein G N",1,-1.3823523098532924,0,0,2699,-0.267954555466092,0
734,0,2,"Berriman, Mr. William John",1,-0.4712136291032647,0,0,28425,-0.384474648178521,2
735,0,2,"Troupiansky, Mr. Moses Aaron",1,-0.4712136291032647,0,0,233639,-0.384474648178521,2
736,0,3,"Williams, Mr. Leslie",1,-0.05360840042616865,0,0,54636,-0.3220621579135482,2
737,0,3,"Ford, Mrs. Edward (Margaret Ann Watson)",0,1.4269919557926265,1,3,W./C. 6608,0.04586953872915403,2
744,0,3,"McNamee, Mr. Neal",1,-0.39528540570742904,1,0,376566,-0.3220621579135482,2
745,1,3,"Stranden, Mr. Juho",1,0.13621215806342046,0,0,STON/O 2. 3101288,-0.4866499346606941,2
747,0,3,"Abbott, Mr. Rossmore Edward",1,-1.0027111928741141,1,1,C.A. 2673,-0.23850995320398793,2
748,1,2,"Sinkkonen, Miss. Anna",0,0.06028393466758481,0,0,250648,-0.384474648178521,2
749,0,1,"Marvin, Mr. Daniel Warner",1,-0.7749265226866072,1,0,113773,0.4228611129909653,2
750,0,3,"Connaghton, Mr. Michael",1,0.13621215806342046,0,0,335097,-0.4901732204014587,1
751,1,2,"Wells, Miss. Joan",0,-1.9138498736241418,1,1,29103,-0.18314403442054436,2
752,1,3,"Moor, Master. Meier",1,-1.7619934268324706,0,1,392096,-0.39504450540081476,2
753,0,3,"Vande Velde, Mr. Johannes Joseph",1,0.2880686048550917,0,0,345780,-0.4549403629938128,2
754,0,3,"Jonkoff, Mr. Lalio",1,-0.4712136291032647,0,0,349204,-0.4872378200528674,2
755,1,2,"Herman, Mrs. Samuel (Jane Laver)",0,1.4269919557926265,1,2,220845,0.6624445433629574,2
756,1,2,"Hamalainen, Master. Viljo",1,-2.1666908575322745,1,1,250649,-0.3542750561148245,2
757,0,3,"Carlsson, Mr. August Sigfrid",1,-0.09157251212408647,0,0,350042,-0.4892511261904472,2
758,0,2,"Bailey, Mr. Percy Andrew",1,-0.8508547460824429,0,0,29108,-0.4146742402422175,2
759,0,3,"Theobald, Mr. Thomas Leonard",1,0.3639968282509274,0,0,363294,-0.4841333019887194,2
762,0,3,"Nirva, Mr. Iisakki Antino Aijo",1,0.8954943920217769,0,0,SOTON/O2 3101272,-0.5027563837613322,2
763,1,3,"Barah, Mr. Hanna Assi",1,-0.6989982992907716,0,0,2663,-0.5006585187659741,0
765,0,3,"Eklund, Mr. Hans Linus",1,-1.0027111928741141,0,0,347074,-0.48966989386706383,2
768,0,3,"Mangan, Miss. Mary",0,0.09824804636550263,0,0,364850,-0.4901732204014587,1
770,0,3,"Gronnestad, Mr. Daniel Danielsen",1,0.2121403814592561,0,0,8471,-0.47784172030878264,2
771,0,3,"Lievens, Mr. Rene Aime",1,-0.39528540570742904,0,0,345781,-0.4549403629938128,2
772,0,3,"Jensen, Mr. Niels Peder",1,1.4269919557926265,0,0,350047,-0.48807535540610064,2
773,0,2,"Mack, Mrs. (Mary)",0,2.110345966355147,0,0,S.O./P.P. 3,-0.4348073016180152,2
775,1,2,"Hocking, Mrs. Elizabeth (Eliza Needs)",0,1.8825612961676403,1,3,29105,-0.18314403442054436,2
776,0,3,"Myhrman, Mr. Pehr Fabian Oliver Malkolm",1,-0.8508547460824429,0,0,347078,-0.4901732204014587,2
778,1,3,"Emanuel, Miss. Virginia Ethel",0,-1.8379216502283062,0,0,364516,-0.39504450540081476,2
781,1,3,"Ayoub, Miss. Banoura",0,-1.2304958630616212,0,0,2687,-0.5006585187659741,0
782,1,1,"Dick, Mrs. Albert Adrian (Vera Gillespie)",0,-0.9267829694782785,1,0,17474,0.5013800523565761,2
783,0,1,"Long, Mr. Milton Clyde",1,-0.01564428872825083,0,0,113501,-0.04221260478996074,2
785,0,3,"Ali, Mr. William",1,-0.3193571823115934,0,0,SOTON/O.Q. 3101312,-0.504266363364517,2
786,0,3,"Harmer, Mr. Abraham (David Lishin)",1,-0.3193571823115934,0,0,374887,-0.5002397510893576,2
787,1,3,"Sjoblom, Miss. Anna Sofia",0,-0.8508547460824429,0,0,3101265,-0.4952910446031865,2
788,0,3,"Rice, Master. George Hugh",1,-1.6101369800407994,4,1,382652,-0.05982903349378369,1
789,1,3,"Dean, Master. Bertram Vere",1,-2.141634543811649,1,2,C.A. 2315,-0.23196670825685373,2
792,0,2,"Gaskell, Mr. Alfred",1,-1.0027111928741141,0,0,239865,-0.1227448502931514,2
795,0,3,"Dantcheff, Mr. Ristiu",1,-0.3193571823115934,0,0,349203,-0.4872378200528674,2
796,0,2,"Otter, Mr. Richard",1,0.7436379452301056,0,0,28213,-0.384474648178521,2
797,1,1,"Leader, Dr. Alice (Farnham)",0,1.502920179188462,0,0,17465,-0.12417027103855784,2
798,1,3,"Osman, Mrs. Mara",0,0.13621215806342046,0,0,349244,-0.4713830342194268,2
799,0,3,"Ibrahim Shawah, Mr. Yousseff",1,0.06028393466758481,0,0,2685,-0.5006585187659741,0
800,0,3,"Van Impe, Mrs. Jean Baptiste (Rosalie Paula Govaert)",0,0.06028393466758481,1,1,345773,-0.15999101383837708,2
801,0,2,"Ponesell, Mr. Martin",1,0.3639968282509274,0,0,250647,-0.384474648178521,2
802,1,2,"Collyer, Mrs. Harvey (Charlotte Annie Tate)",0,0.13621215806342046,1,1,C.A. 31921,-0.11771158494920198,2
804,1,3,"Thomas, Master. Assad Alexander",1,-2.1856729133812336,0,1,2625,-0.47473720224463467,0
805,1,3,"Hedman, Mr. Oskar Arvid",1,-0.16750073551992212,0,0,347089,-0.5057763429677019,2
806,0,3,"Johansson, Mr. Karl Johan",1,0.13621215806342046,0,0,347063,-0.48966989386706383,2
807,0,1,"Andrews, Mr. Thomas Jr",1,0.7436379452301056,0,0,112050,-0.6462044460638906,2
808,0,3,"Pettersson, Miss. Ellen Natalia",0,-0.8508547460824429,0,0,347087,-0.48966989386706383,2
809,0,2,"Meyer, Mr. August",1,0.7436379452301056,0,0,248723,-0.384474648178521,2
810,1,1,"Chambers, Mrs. Norman Campbell (Bertha Griggs)",0,0.2880686048550917,1,0,113806,0.4228611129909653,2
811,0,3,"Alexander, Mr. William",1,-0.24342895891575775,0,0,3474,-0.48740492446228656,2
812,0,3,"Lester, Mr. James",1,0.7436379452301056,0,0,A/4 48871,-0.15999101383837708,2
813,0,2,"Slemen, Mr. Richard James",1,0.43992505164676304,0,0,28206,-0.4348073016180152,2
814,0,3,"Andersson, Miss. Ebba Iris Alfrida",0,-1.7619934268324706,4,2,347082,-0.01654295153581875,2
815,0,3,"Tomlin, Mr. Ernest Portage",1,0.09824804636550263,0,0,364499,-0.4841333019887194,2
817,0,3,"Heininen, Miss. Wendla Maria",0,-0.4712136291032647,0,0,STON/O2. 3101290,-0.4866499346606941,2
818,0,2,"Mallet, Mr. Albert",1,0.13621215806342046,1,1,S.C./PARIS 2079,0.09880338369840119,0
819,0,3,"Holm, Mr. John Fredrik Alexander",1,1.0473508388134483,0,0,C 7075,-0.5163462001899957,2
820,0,3,"Skoog, Master. Karl Thorsten",1,-1.458280533249128,3,2,347088,-0.08449203367913585,2
822,1,3,"Lulic, Mr. Nikola",1,-0.16750073551992212,0,0,315098,-0.4718018018960433,2
823,0,1,"Reuchlin, Jonkheer. John George",1,0.6677097218342699,0,0,19972,-0.6462044460638906,2
824,1,3,"Moor, Mrs. (Beila)",0,-0.16750073551992212,0,1,392096,-0.39504450540081476,2
825,0,3,"Panula, Master. Urho Abraham",1,-2.065706320415813,4,1,3101295,0.1528264272880791,2
828,1,2,"Mallet, Master. Andre",1,-2.141634543811649,0,2,S.C./PARIS 2079,0.09880338369840119,0
831,1,3,"Yasbeck, Mrs. Antoni (Selini Alexander)",0,-1.0786394162699497,1,0,2659,-0.35519715032583604,0
832,1,2,"Richards, Master. George Sibley",1,-2.154542341788941,1,1,29106,-0.2687095452676844,2
834,0,3,"Augustsson, Mr. Albert",1,-0.4712136291032647,0,0,347468,-0.48807535540610064,2
835,0,3,"Allum, Mr. Owen George",1,-0.8508547460824429,0,0,2223,-0.47910003664476997,2
837,0,3,"Pasic, Mr. Jakob",1,-0.623070075894936,0,0,315097,-0.4718018018960433,2
839,1,3,"Chip, Mr. Chang",1,0.2121403814592561,0,0,1601,0.491228962810899,2
841,0,3,"Alhomaki, Mr. Ilmari Rudolf",1,-0.6989982992907716,0,0,SOTON/O2 3101287,-0.4866499346606941,2
842,0,2,"Mudd, Mr. Thomas Charles",1,-1.0027111928741141,0,0,S.O./P.P. 3,-0.4348073016180152,2
843,1,1,"Serepeca, Miss. Augusta",0,0.06028393466758481,0,0,113798,-0.02207954341416308,0
844,0,3,"Lemberopolous, Mr. Peter L",1,0.4019609399488452,0,0,2683,-0.5165978634571932,0
845,0,3,"Culumovic, Mr. Jeso",1,-0.9267829694782785,0,0,315090,-0.4718018018960433,2
846,0,3,"Abbing, Mr. Anthony",1,0.9714226154176125,0,0,C.A. 5547,-0.4941998326766182,2
848,0,3,"Markoff, Mr. Marin",1,0.43992505164676304,0,0,349213,-0.4872378200528674,0
849,0,2,"Harper, Rev. John",1,-0.09157251212408647,0,1,248727,0.018186579337432247,2
851,0,3,"Andersson, Master. Sigvard Harald Elias",1,-1.9138498736241418,4,2,347082,-0.01654295153581875,2
852,0,3,"Svensson, Mr. Johan",1,3.401125764084353,0,0,347060,-0.48966989386706383,2
853,0,3,"Boulos, Miss. Nourelain",0,-1.5342087566449638,1,1,2678,-0.33925981894075463,0
854,1,1,"Lines, Miss. Mary Conover",0,-1.0027111928741141,0,1,PC 17592,0.14703817214253725,2
855,0,2,"Carter, Mrs. Ernest Courtenay (Lilian Hughes)",0,1.1232790622092839,1,0,244252,-0.1227448502931514,2
856,1,3,"Aks, Mrs. Sam (Leah Rosen)",0,-0.8508547460824429,0,1,392091,-0.45796032220018246,2
858,1,1,"Daly, Mr. Peter Denis ",1,1.6547766259801333,0,0,113055,-0.11167166653646265,2
859,1,3,"Baclini, Mrs. Solomon (Latifa Qurban)",0,-0.39528540570742904,0,3,2666,-0.25847591017036653,0
861,0,3,"Hansen, Mr. Claus Peter",1,0.8954943920217769,2,0,350026,-0.36216117625572447,2
862,0,2,"Giles, Mr. Frederick Edward",1,-0.623070075894936,1,0,28134,-0.4146742402422175,2
863,1,1,"Swift, Mrs. Frederick Joel (Margaret Welles Barron)",0,1.4269919557926265,0,0,17466,-0.12417027103855784,2
865,0,2,"Gill, Mr. John William",1,-0.39528540570742904,0,0,233866,-0.384474648178521,2
866,1,2,"Bystrom, Mrs. (Karolina)",0,0.9714226154176125,0,0,236852,-0.384474648178521,2
867,1,2,"Duran y More, Miss. Asuncion",0,-0.16750073551992212,1,0,SC/PARIS 2149,-0.36719444159967385,0
868,0,1,"Roebling, Mr. Washington Augustus II",1,0.13621215806342046,0,0,PC 17590,0.37043059455611305,2
870,1,3,"Johnson, Master. Harold Theodor",1,-1.9138498736241418,1,1,347742,-0.4220570338487225,2
871,0,3,"Balkic, Mr. Cerin",1,-0.24342895891575775,0,0,349248,-0.4872378200528674,2
872,1,1,"Beckwith, Mrs. Richard Leonard (Sallie Monypeny)",0,1.3510637323967907,1,1,11751,0.4118724880920549,2
873,0,1,"Carlsson, Mr. Frans Olof",1,0.2880686048550917,0,0,695,-0.5455391391849023,2
874,0,3,"Vander Cruyssen, Mr. Victor",1,1.3510637323967907,0,0,345765,-0.46500689368171166,2
875,1,2,"Abelson, Mrs. Samuel (Hannah Wizosky)",0,-0.09157251212408647,1,0,P/PP 3381,-0.1630109730447467,0
876,1,3,"Najib, Miss. Adele Kiamie ""Jane""",0,-1.0786394162699497,0,0,2667,-0.5007430776237525,0
877,0,3,"Gustafsson, Mr. Alfred Ossian",1,-0.6989982992907716,0,0,7534,-0.44797835037006195,2
878,0,3,"Petroff, Mr. Nedelio",1,-0.7749265226866072,0,0,349212,-0.4872378200528674,2
881,1,2,"Shelley, Mrs. William (Imanita Parrish Hall)",0,-0.3193571823115934,0,1,230433,-0.1227448502931514,2
882,0,3,"Markun, Mr. Johann",1,0.2880686048550917,0,0,349257,-0.4872378200528674,2
883,0,3,"Dahlberg, Miss. Gerda Ulrika",0,-0.5471418524991003,0,0,7552,-0.4344710794930393,2
884,0,2,"Banfield, Mr. Frederick James",1,-0.09157251212408647,0,0,C.A./SOTON 34068,-0.4348073016180152,2
885,0,3,"Sutehall, Mr. Henry Jr",1,-0.3193571823115934,0,0,SOTON/OQ 392076,-0.504266363364517,2
886,0,3,"Rice, Mrs. William (Margaret Norton)",0,0.7436379452301056,0,5,382652,-0.05982903349378369,1
887,0,2,"Montvila, Rev. Juozas",1,-0.16750073551992212,0,0,211536,-0.384474648178521,2
888,1,1,"Graham, Miss. Margaret Edith",0,-0.7749265226866072,0,0,112053,-0.04221260478996074,2
890,1,1,"Behr, Mr. Karl Howell",1,-0.24342895891575775,0,0,111369,-0.04221260478996074,0
891,0,3,"Dooley, Mr. Patrick",1,0.2121403814592561,0,0,370376,-0.4901732204014587,1
